Lat,Lon,distance,distance [m]
55.66598,12.57587,0.0,0.0
55.66611,12.57606,0.018733614862847935,18.733614862847933
55.66642,12.57633,0.05713863355985491,57.13863355985491
55.66656,12.57636,0.07281922785155064,72.81922785155064
55.6667,12.5766,0.09447310723315569,94.47310723315569
55.667,12.57699,0.13583753859824413,135.83753859824412
55.66714,12.57721,0.1566390109441795,156.63901094417952
55.66722,12.57727,0.16629772450384603,166.29772450384604
55.66731,12.5774,0.1792058321183268,179.2058321183268
55.66733,12.57746,0.1835767097317207,183.57670973172068
55.66756,12.57771,0.21357479958552789,213.5747995855279
55.66767,12.57792,0.23154843781916085,231.54843781916085
55.66778,12.57808,0.24736904254663028,247.36904254663028
55.66788,12.5782,0.2607957812987482,260.7957812987482
55.66795,12.57826,0.2694412250092952,269.4412250092952
55.6681,12.57847,0.2906929833827011,290.69298338270113
55.66822,12.57858,0.3057141001044137,305.71410010441366
55.66834,12.57881,0.3253633381031585,325.36333810315847
55.66857,12.5791,0.3567451923332925,356.7451923332925
55.66869,12.57924,0.37271793154026817,372.7179315402682
55.66874,12.57926,0.37841740135392543,378.4174013539254
55.66885,12.57942,0.39423783206636764,394.2378320663676
55.66892,12.57949,0.40317402241383915,403.17402241383917
55.66908,12.5796,0.4222557565665778,422.2557565665778
55.6694,12.57971,0.45850067010233486,458.5006701023349
55.66947,12.57976,0.46689213926247675,466.89213926247675
55.66959,12.57988,0.48221126178050205,482.21126178050207
55.6697,12.58002,0.49726737029209916,497.26737029209914
55.66972,12.58011,0.5033336064213014,503.33360642130145
55.66979,12.58025,0.5150665804644725,515.0665804644725
55.66981,12.5804,0.5247323565301703,524.7323565301703
55.66979,12.58049,0.5307985805817266,530.7985805817266
55.66973,12.58062,0.5413328679433645,541.3328679433646
55.66969,12.58067,0.5467747678988975,546.7747678988975
55.66963,12.58079,0.5568316164644094,556.8316164644094
55.66952,12.58096,0.5730568883726547,573.0568883726547
55.66949,12.58108,0.5812883474081284,581.2883474081284
55.66945,12.58117,0.5884742242910093,588.4742242910093
55.66943,12.5813,0.596924454493417,596.924454493417
55.66937,12.58141,0.6065211203886057,606.5211203886057
55.66934,12.58161,0.6194992525094479,619.499252509448
55.66929,12.58172,0.6283590167603395,628.3590167603395
55.66922,12.58203,0.6492996493043438,649.2996493043438
55.66914,12.58221,0.6636714687761773,663.6714687761773
55.66908,12.5823,0.6724102389660371,672.4102389660371
55.66898,12.58235,0.6839633823540777,683.9633823540777
55.66888,12.58232,0.6952409208975394,695.2409208975395
55.66883,12.5822,0.7045972958713244,704.5972958713244
55.66881,12.58201,0.7167182068240477,716.7182068240478
55.66887,12.5819,0.7263149436817937,726.3149436817937
55.66895,12.58166,0.7437979276576656,743.7979276576656
55.66934,12.58082,0.8120290744074307,812.0290744074307
55.6695,12.58043,0.842272647854298,842.272647854298
55.66959,12.58027,0.8564439140350087,856.4439140350088
55.66974,12.57998,0.8811203036816041,881.1203036816041
55.66995,12.57964,0.9127409430345544,912.7409430345544
55.67009,12.57935,0.9366796481356028,936.6796481356027
55.67055,12.57849,1.011007994846085,1011.007994846085
55.67073,12.57808,1.0435906812989866,1043.5906812989865
55.67094,12.57773,1.0756371275498007,1075.6371275498007
55.67118,12.57721,1.1177734385826466,1117.7734385826466
55.67138,12.57684,1.1499121039443096,1149.9121039443096
55.67147,12.57664,1.1659569959865994,1165.9569959865994
55.67153,12.57655,1.1746955435336652,1174.6955435336652
55.67166,12.57627,1.1974384103305669,1197.438410330567
55.67173,12.57617,1.207433738830951,1207.4337388309511
55.67215,12.57523,1.28263651077971,1282.63651077971
55.67227,12.57499,1.3027494739949632,1302.7494739949632
55.67234,12.57489,1.312744741162928,1312.744741162928
55.67239,12.57476,1.3226119383763595,1322.6119383763594
55.67257,12.57439,1.3532532791225462,1353.2532791225462
55.67297,12.57372,1.4144360493308785,1414.4360493308786
55.67308,12.57357,1.4298657443579466,1429.8657443579466
55.67338,12.57294,1.4815700087292716,1481.5700087292716
55.67367,12.57239,1.5287844075712063,1528.7844075712062
55.67394,12.57166,1.583525313047672,1583.5253130476722
55.67428,12.57097,1.6409811590184236,1640.9811590184236
55.67433,12.5709,1.648064641898645,1648.064641898645
55.67437,12.57077,1.6573504874142335,1657.3504874142336
55.67442,12.57071,1.6640635029769886,1664.0635029769885
55.6745,12.57052,1.6789316445379439,1678.9316445379438
55.67457,12.57042,1.6889266874889557,1688.9266874889556
55.67505,12.56946,1.7693755471251826,1769.3755471251827
55.67515,12.56928,1.7852192300064067,1785.2192300064066
55.6752,12.56923,1.7916019755199442,1791.601975519944
55.67528,12.56903,1.8069769064479764,1806.9769064479763
55.6754,12.56885,1.8244532861115548,1824.4532861115547
55.67563,12.56843,1.861162496648601,1861.1624966486008
55.67588,12.56803,1.8986028733192024,1898.6028733192024
55.676,12.56788,1.9149277102759403,1914.9277102759404
55.67608,12.56782,1.9245860919510458,1924.5860919510458
55.67636,12.56746,1.9630419218933297,1963.0419218933298
55.67651,12.56719,1.9868070346822124,1986.8070346822124
55.67675,12.56695,2.0174439382494582,2017.4439382494581
55.67684,12.56688,2.0283715919011613,2028.3715919011613
55.67694,12.56673,2.042935000972393,2042.9350009723928
55.67718,12.56652,2.072693120677374,2072.693120677374
55.67735,12.56629,2.0964687391694126,2096.4687391694124
55.67742,12.56637,2.105728523487973,2105.7285234879732
55.67742,12.56652,2.1151331515172616,2115.1331515172615
55.6775,12.56658,2.1247914800042182,2124.791480004218
55.67767,12.56689,2.1519040876676434,2151.9040876676436
55.67776,12.56699,2.163713422916464,2163.713422916464
55.67781,12.56698,2.1693084166822425,2169.3084166822423
55.67793,12.56683,2.1856329863224535,2185.6329863224537
55.67801,12.56677,2.195291295705933,2195.291295705933
55.67805,12.5667,2.201539827528927,2201.539827528927
55.67812,12.56663,2.210475510890539,2210.4755108905388
55.67825,12.56645,2.228814436281402,2228.814436281402
55.67835,12.56627,2.2446574615344654,2244.6574615344653
55.67843,12.56618,2.255191746733009,2255.191746733009
55.67848,12.56614,2.261290935065493,2261.2909350654927
55.67862,12.56609,2.277170735405594,2277.1707354055943
55.67872,12.56609,2.2882902434283525,2288.2902434283524
55.67888,12.56614,2.3063555142109715,2306.3555142109717
55.67904,12.56628,2.326194072046017,2326.194072046017
55.67911,12.56639,2.3365934045436303,2336.59340454363
55.67913,12.56647,2.3420799168721644,2342.0799168721646
55.67927,12.56661,2.3599511607119115,2359.9511607119116
55.67944,12.56687,2.3849118796361517,2384.9118796361518
55.67978,12.5672,2.42800891048357,2428.00891048357
55.68011,12.56766,2.474679726294455,2474.6797262944547
55.68024,12.5678,2.4915910769760172,2491.591076976017
55.6803,12.56792,2.50164639870793,2501.6463987079296
55.68035,12.56796,2.5077455377435998,2507.7455377436
55.68046,12.56811,2.523174151263656,2523.174151263656
55.68054,12.56818,2.5330933537361,2533.0933537361
55.68082,12.56862,2.5746899330834783,2574.689933083478
55.68108,12.56887,2.6075756690486362,2607.5756690486364
55.68128,12.569,2.6312609938205713,2631.2609938205715
55.68164,12.56911,2.6718808688364524,2671.8808688364525
55.68184,12.56934,2.6983851457951022,2698.3851457951023
55.68195,12.56951,2.7146082123195034,2714.6082123195033
55.68204,12.56958,2.725535631659667,2725.535631659667
55.68221,12.56979,2.7485713445976647,2748.571344597665
55.68231,12.56981,2.759761316054734,2759.761316054734
55.68244,12.56994,2.77635571755992,2776.35571755992
55.68253,12.56997,2.78653845621505,2786.53845621505
55.68279,12.57025,2.8203605787596193,2820.3605787596193
55.68284,12.57032,2.8274434700537046,2827.4434700537045
55.68291,12.57036,2.8356210679351777,2835.6210679351775
55.68308,12.57065,2.861847594662112,2861.847594662112
55.68328,12.57105,2.895363937880231,2895.363937880231
55.68342,12.57121,2.913882677925583,2913.882677925583
55.68361,12.57151,2.9421674928441437,2942.167492844144
55.6838,12.57192,2.975438172602597,2975.438172602597
55.68404,12.57224,3.008823570721903,3008.8235707219033
55.68415,12.57245,3.0267931450233014,3026.7931450233013
55.68434,12.57271,3.0534763672027307,3053.4763672027307
55.68459,12.57325,3.097278561685406,3097.2785616854057
55.68471,12.57338,3.112913636677539,3112.9136366775388
55.68488,12.57378,3.1443150553452006,3144.3150553452006
55.68494,12.57383,3.1516863055458075,3151.6863055458075
55.68511,12.5741,3.177059254678707,3177.059254678707
55.68529,12.57451,3.2096343916383843,3209.6343916383844
55.68546,12.57479,3.235429604602349,3235.429604602349
55.68557,12.57493,3.2504836368737187,3250.4836368737188
55.6859,12.57544,3.299150774312219,3299.150774312219
55.68596,12.57565,3.3139085654135365,3313.9085654135365
55.68603,12.57571,3.3225532525294548,3322.5532525294548
55.68617,12.57595,3.344201926686383,3344.201926686383
55.6862,12.57598,3.3480313139824673,3348.0313139824675
55.68626,12.57611,3.358562945792784,3358.562945792784
55.68643,12.57637,3.383521762416067,3383.5217624160673
55.68647,12.57649,3.392260350345365,3392.260350345365
55.68666,12.57677,3.4197266488481635,3419.7266488481637
55.6867,12.57686,3.42691057602349,3426.91057602349
55.68699,12.57726,3.4677577922271188,3467.757792227119
55.68705,12.57737,3.477352225346811,3477.3522253468113
55.68724,12.57758,3.5022444504649304,3502.24445046493
55.68735,12.57776,3.518885003515486,3518.885003515486
55.68743,12.57782,3.5285429600757006,3528.5429600757006
55.68748,12.57785,3.5344121108453503,3534.4121108453505
55.68755,12.57782,3.5424196916282,3542.4196916282
55.68765,12.57768,3.5565848089582635,3556.5848089582632
55.68792,12.57725,3.5969309820682933,3596.9309820682934
55.68794,12.57715,3.6035818772704022,3603.5818772704024
55.68801,12.57708,3.612517015661699,3612.517015661699
55.68808,12.57697,3.6229152993754044,3622.915299375404
55.68813,12.57692,3.6292975359672077,3629.2975359672078
55.6883,12.57665,3.6546695641649274,3654.6695641649276
55.68833,12.57656,3.661223273512408,3661.223273512408
55.6884,12.57649,3.670158390414397,3670.158390414397
55.6885,12.5763,3.6864516951801196,3686.4516951801197
55.68853,12.57617,3.6952564538118753,3695.2564538118754
55.68864,12.576,3.7114783227993953,3711.4783227993953
55.68874,12.57581,3.7277715741368023,3727.7715741368024
55.689,12.57536,3.7681620070307646,3768.1620070307645
55.68917,12.57515,3.791196381098537,3791.196381098537
55.68925,12.57508,3.8011151512253845,3801.1151512253846
55.68928,12.575,3.807137687425166,3807.137687425166
55.68939,12.57487,3.8218346824756946,3821.8346824756945
55.68958,12.5747,3.845496637330617,3845.496637330617
55.68965,12.57468,3.85338058976914,3853.3805897691404
55.68971,12.57468,3.8600522945833613,3860.0522945833613
55.6901,12.57493,3.9061624494376708,3906.1624494376706
55.69056,12.57534,3.9634045408918177,3963.4045408918178
55.69062,12.57538,3.97053174068393,3970.53174068393
55.69082,12.57561,3.9970342166707122,3997.0342166707123
55.6909,12.57567,4.0066920432713,4006.6920432712996
55.69101,12.57579,4.021050856401042,4021.0508564010424
55.69118,12.57592,4.04163523633181,4041.6352363318106
55.69127,12.57596,4.0519520347261615,4051.9520347261614
55.69153,12.57629,4.087499291258881,4087.4992912588814
55.6916,12.57633,4.095676718300038,4095.6767183000384
55.69178,12.57657,4.120713970883101,4120.713970883101
55.69185,12.5766,4.128721503106572,4128.721503106572
55.69202,12.57673,4.1493058137462135,4149.305813746214
55.69214,12.5768,4.163351949936317,4163.3519499363165
55.69221,12.57681,4.171160797234898,4171.160797234898
55.6923,12.57687,4.181851540590703,4181.851540590703
55.69248,12.57694,4.202341827612909,4202.34182761291
55.69267,12.57711,4.22600340327728,4226.00340327728
55.69272,12.57722,4.23485995835373,4234.85995835373
55.6928,12.57731,4.245393133255045,4245.3931332550455
55.69303,12.5775,4.273604298210259,4273.604298210259
55.69308,12.57756,4.280316308186776,4280.316308186776
55.69317,12.57762,4.2910070221077286,4291.0070221077285
55.6933,12.57774,4.3073017383469985,4307.301738346999
55.6935,12.57798,4.3341497038858225,4334.149703885822
55.6937,12.57813,4.358294013847164,4358.294013847164
55.69395,12.57824,4.386934833885761,4386.934833885762
55.69413,12.57842,4.409910044713811,4409.910044713812
55.69426,12.5785,4.42521017987682,4425.21017987682
55.69441,12.57854,4.442076771403109,4442.076771403109
55.69445,12.57858,4.447182361530819,4447.182361530819
55.69452,12.5787,4.458005577782184,4458.0055777821835
55.69457,12.57876,4.464717507466623,4464.717507466623
55.69485,12.57897,4.498519395917006,4498.519395917006
55.69501,12.57903,4.51670362290517,4516.70362290517
55.69514,12.57917,4.533613238368794,4533.613238368794
55.69534,12.57932,4.557757394783454,4557.757394783454
55.69565,12.57965,4.59795567455548,4597.95567455548
55.69574,12.57969,4.608272403300475,4608.272403300475
55.69578,12.57974,4.613713100598696,4613.713100598697
55.6959,12.57981,4.627759105005858,4627.759105005858
55.69609,12.57973,4.649472862439623,4649.472862439623
55.69616,12.57968,4.657863532562569,4657.863532562569
55.69622,12.57968,4.664535237376082,4664.5352373760825
55.69634,12.57958,4.679276962868105,4679.276962868105
55.69662,12.57945,4.711459777085736,4711.459777085736
55.69679,12.57931,4.732299662550191,4732.299662550191
55.69688,12.57929,4.742385396659473,4742.3853966594725
55.69703,12.57921,4.759801794783171,4759.801794783171
55.69722,12.57901,4.784366681395925,4784.366681395925
55.69728,12.579,4.791067751797598,4791.067751797598
55.69737,12.57895,4.801554345577755,4801.554345577755
55.69743,12.57896,4.808255415754545,4808.2554157545455
55.69752,12.57888,4.8194484347577315,4819.448434757732
55.6976,12.57886,4.828431896578674,4828.431896578673
55.69773,12.57877,4.843948514184402,4843.948514184402
55.69782,12.57874,4.854131117057885,4854.131117057885
55.69789,12.57867,4.863065711070951,4863.065711070951
55.69795,12.57865,4.869854112127775,4869.854112127775
55.69819,12.57838,4.901452406077251,4901.452406077251
55.69827,12.57833,4.91088367357073,4910.88367357073
55.69839,12.57821,4.926200075585408,4926.200075585408
55.69849,12.57819,4.9373899889302715,4937.389988930271
55.69856,12.57825,4.946034151773032,4946.034151773032
55.69865,12.57825,4.95604170899401,4956.04170899401
55.69871,12.57827,4.9628301055518715,4962.830105551871
55.69885,12.57819,4.979184675976731,4979.18467597673
55.69892,12.57811,4.98844296709715,4988.44296709715
55.69898,12.57807,4.995569978333498,4995.5699783334985
55.6991,12.57787,5.013876041756184,5013.876041756184
55.69908,12.57753,5.035297141590642,5035.297141590642
55.69908,12.57704,5.066001913191093,5066.001913191093
55.69893,12.57649,5.104290381781609,5104.290381781609
55.69892,12.57639,5.1106545792984175,5110.654579298417
55.69884,12.57619,5.126023329313279,5126.023329313279
55.69877,12.57609,5.136015932142031,5136.015932142031
55.69874,12.57599,5.14311486363228,5143.1148636322805
55.69848,12.57567,5.1782990361285846,5178.299036128585
55.69832,12.57542,5.2020045195366365,5202.0045195366365
55.69806,12.57494,5.243724607076838,5243.724607076838
55.69787,12.57469,5.270026337777396,5270.026337777396
55.69783,12.57459,5.277710847441548,5277.710847441548
55.69774,12.57451,5.288903848637274,5288.903848637274
55.6977,12.57442,5.29608652506298,5296.0865250629795
55.69751,12.57414,5.323549657271004,5323.5496572710035
55.69733,12.57374,5.355626415151837,5355.626415151837
55.69725,12.57362,5.367274608694404,5367.274608694404
55.69708,12.57323,5.398171663492324,5398.171663492324
55.69703,12.57315,5.40565790938997,5405.65790938997
55.69692,12.57294,5.423624307509251,5423.624307509252
55.69675,12.57242,5.4612967290716306,5461.296729071631
55.69654,12.57195,5.498883528636175,5498.8835286361755
55.69643,12.57164,5.521840172318654,5521.8401723186535
55.69625,12.57137,5.548048873261806,5548.048873261806
55.69605,12.57098,5.581092832682014,5581.092832682014
55.69599,12.57073,5.598121168553636,5598.1211685536355
55.69611,12.57054,5.616004674126971,5616.004674126972
55.69618,12.57047,5.6249393623565735,5624.939362356574
55.69643,12.56969,5.681171651535374,5681.171651535374
55.69652,12.56952,5.695788280120491,5695.7882801204905
55.69654,12.56943,5.701850916703471,5701.850916703471
55.69673,12.5692,5.727426244862424,5727.426244862424
55.6968,12.56897,5.743806978592097,5743.806978592097
55.69689,12.56878,5.759360712100575,5759.360712100575
55.69693,12.56865,5.768642431129729,5768.642431129729
55.69704,12.56844,5.786608826782882,5786.608826782883
55.69711,12.56841,5.794616299610923,5794.616299610923
55.6972,12.56834,5.805543035909138,5805.543035909138
55.69723,12.56826,5.81156472325517,5811.56472325517
55.69729,12.56815,5.821157858789516,5821.1578587895165
55.69742,12.56782,5.8463888873980245,5846.388887398025
55.69754,12.56767,5.8627107410862545,5862.7107410862545
55.69795,12.56735,5.912515967230125,5912.515967230125
55.69797,12.56725,5.9191653471047365,5919.165347104737
55.69805,12.5672,5.92859662045687,5928.5966204568695
55.6982,12.56694,5.951912938735327,5951.912938735327
55.69827,12.56686,5.961171274996078,5961.171274996078
55.69839,12.56667,5.979054318183128,5979.054318183128
55.69848,12.56647,5.995092442806523,5995.092442806523
55.69878,12.56605,6.037583194443447,6037.583194443447
55.69882,12.56598,6.043830089546084,6043.830089546084
55.69895,12.56583,6.06107269436022,6061.07269436022
55.69913,12.56546,6.091702109319318,6091.702109319318
55.69918,12.56543,6.097571079831291,6097.571079831291
55.69929,12.56529,6.11262331727562,6112.62331727562
55.69934,12.5652,6.120542670536263,6120.542670536263
55.69949,12.56479,6.1511735759339645,6151.1735759339645
55.69961,12.5646,6.169056371704305,6169.056371704305
55.69969,12.56458,6.178039824175544,6178.039824175544
55.69975,12.56461,6.184971309814157,6184.971309814157
55.69986,12.56475,6.200023472694687,6200.0234726946865
55.70012,12.56498,6.23232732146141,6232.32732146141
55.70025,12.56502,6.2469983709188055,6246.998370918805
55.70039,12.56498,6.262766166663014,6262.766166663014
55.70053,12.565,6.27838383994261,6278.38383994261
55.70061,12.56499,6.287301487965245,6287.3014879652455
55.70075,12.56493,6.303316352210051,6303.316352210051
55.70081,12.56493,6.309988057023564,6309.988057023565
55.70084,12.5649,6.313817098613869,6313.817098613869
55.70087,12.56481,6.320369250657083,6320.369250657083
55.70095,12.56475,6.330026700886546,6330.026700886547
55.70114,12.56447,6.357488846519804,6357.488846519804
55.70135,12.56428,6.383699591694775,6383.699591694775
55.70158,12.56399,6.415072555798556,6415.072555798556
55.70172,12.56386,6.432642201175414,6432.642201175414
55.70176,12.5638,6.438466021607894,6438.466021607894
55.70185,12.56372,6.449658791884757,6449.658791884757
55.70207,12.56356,6.476096287275406,6476.096287275406
55.70223,12.56348,6.494580164454013,6494.580164454013
55.70237,12.56338,6.511361135029447,6511.361135029447
55.70261,12.56328,6.53877364557983,6538.77364557983
55.70292,12.56326,6.5732668911848755,6573.266891184876
55.70306,12.56332,6.589281703264469,6589.281703264469
55.70332,12.56352,6.620791412973116,6620.791412973116
55.70342,12.56361,6.633259057131822,6633.2590571318215
55.70355,12.5638,6.6519854211236,6651.9854211236
55.7036,12.56388,6.659471107041734,6659.471107041733
55.70376,12.56456,6.705642222953147,6705.642222953146
55.70388,12.56448,6.719896025760189,6719.896025760189
55.70394,12.56465,6.732464363073579,6732.464363073579
55.7041,12.56484,6.753870965725955,6753.870965725955
55.70436,12.56522,6.7913234051652775,6791.323405165277
55.70443,12.56536,6.803050563475752,6803.050563475752
55.70448,12.56541,6.8094321566046725,6809.432156604673
55.70459,12.56557,6.825246775267247,6825.246775267246
55.70466,12.56564,6.834180996282251,6834.180996282252
55.70477,12.56584,6.85169180308193,6851.69180308193
55.7048,12.56594,6.858789881208092,6858.789881208092
55.70477,12.56609,6.8687624042261,6868.7624042260995
55.70452,12.56652,6.907474135042591,6907.474135042591
55.70442,12.56674,6.92518401258245,6925.18401258245
55.70437,12.56688,6.935569185279639,6935.569185279639
55.70401,12.56761,6.996350525473141,6996.350525473141
55.70392,12.56782,7.012881470477798,7012.881470477798
55.7039,12.56791,7.018943116438295,7018.943116438295
55.70366,12.56832,7.055984896659331,7055.984896659331
55.70352,12.56851,7.07558233732561,7075.58233732561
55.70329,12.56891,7.111390089084624,7111.390089084624
55.70311,12.56931,7.14346395049332,7143.46395049332
55.70303,12.56944,7.155525387044727,7155.525387044727
55.703,12.56952,7.161546455084327,7161.546455084327
55.70293,12.56963,7.171942994382593,7171.942994382593
55.70284,12.56988,7.190531097321636,7190.5310973216365
55.70268,12.57021,7.217808493661814,7217.808493661814
55.70256,12.5704,7.2356906668373275,7235.690666837328
55.70234,12.57091,7.275934595008823,7275.934595008823
55.70218,12.57124,7.303212191875465,7303.212191875465
55.7021,12.57145,7.319095167814478,7319.0951678144775
55.70204,12.57169,7.335546633488237,7335.546633488237
55.70197,12.57182,7.346813192368294,7346.813192368294
55.70181,12.57203,7.368941603527794,7368.9416035277945
55.70176,12.57215,7.378292884651179,7378.292884651179
55.70166,12.57231,7.393264576842726,7393.264576842726
55.70156,12.57254,7.411467189425744,7411.4671894257435
55.70146,12.57268,7.425630372922203,7425.630372922204
55.70128,12.57282,7.447483465735571,7447.483465735571
55.70122,12.5729,7.455828480038871,7455.828480038871
55.70103,12.57319,7.483695083904975,7483.695083904975
55.70078,12.57353,7.518718608008066,7518.7186080080655
55.7006,12.57383,7.546177159842569,7546.1771598425685
55.70042,12.57426,7.579741797526544,7579.741797526543
55.70024,12.57456,7.607200467899061,7607.200467899061
55.70009,12.57489,7.633767057010063,7633.767057010063
55.69994,12.57512,7.655810341266246,7655.810341266246
55.69989,12.57526,7.666196363307858,7666.196363307858
55.69975,12.57551,7.688281336400397,7688.281336400397
55.69966,12.57561,7.700088800555919,7700.088800555919
55.69961,12.57571,7.708465913039947,7708.465913039947
55.69958,12.57583,7.716692081128904,7716.692081128904
55.69945,12.57612,7.739912317455908,7739.912317455908
55.69943,12.57621,7.745974563435073,7745.974563435073
55.69931,12.57651,7.76902749627637,7769.02749627637
55.69938,12.57686,7.792299593442484,7792.299593442484
55.69949,12.57706,7.80981161182876,7809.81161182876
55.69962,12.5772,7.826720705597313,7826.720705597313
55.69965,12.57728,7.832742134545202,7832.742134545202
55.6997,12.57742,7.843128202087316,7843.128202087316
55.69973,12.57767,7.85914488361909,7859.144883619089
55.69981,12.5778,7.871206784662835,7871.206784662835
55.69988,12.57785,7.879597343433837,7879.5973434338375
55.70001,12.57804,7.898324392966022,7898.324392966022
55.70028,12.57827,7.931627065994613,7931.627065994613
55.70058,12.57884,7.980498979390738,7980.498979390738
55.70073,12.57919,8.008052032779643,8008.052032779643
55.70078,12.57925,8.014763627833371,8014.763627833371
55.7009,12.57946,8.033503830877937,8033.503830877937
55.70092,12.5796,8.042553715363841,8042.553715363841
55.701,12.57967,8.05247190229645,8052.47190229645
55.70111,12.57984,8.068691539160204,8068.691539160204
55.70114,12.57993,8.075243657672091,8075.243657672091
55.70125,12.58011,8.091881491429982,8091.881491429982
55.70138,12.58048,8.119202749156917,8119.202749156917
55.70145,12.58057,8.128814573568341,8128.814573568341
55.70157,12.58078,8.147554618222316,8147.554618222315
55.70163,12.58101,8.1634355312187,8163.435531218701
55.70169,12.58106,8.170806210644173,8170.806210644173
55.70175,12.5812,8.181827241731517,8181.827241731517
55.70193,12.58147,8.208034405733958,8208.034405733959
55.70198,12.58152,8.214416097247152,8214.416097247153
55.70209,12.5817,8.231053766676009,8231.053766676008
55.70212,12.58185,8.241026897091384,8241.026897091384
55.70212,12.58198,8.249172427386116,8249.172427386116
55.70218,12.58222,8.265623864921801,8265.623864921801
55.70235,12.58248,8.29057834911546,8290.57834911546
55.70241,12.58263,8.302104225262587,8302.104225262587
55.70252,12.58297,8.3266694033906,8326.6694033906
55.70252,12.58307,8.332935131794256,8332.935131794256
55.70256,12.5832,8.342215820943364,8342.215820943364
55.7026,12.58325,8.347656203407642,8347.656203407641
55.70261,12.58332,8.352180961257199,8352.1809612572
55.70275,12.58364,8.377565083383615,8377.565083383615
55.70281,12.58384,8.39176180713708,8391.76180713708
55.70283,12.58397,8.400205326860625,8400.205326860625
55.70289,12.5841,8.410734277248643,8410.734277248643
55.70291,12.58421,8.417976419955641,8417.976419955641
55.70292,12.58449,8.435555485225025,8435.555485225026
55.70302,12.58472,8.453757700757544,8453.757700757544
55.70309,12.58497,8.471249113776723,8471.249113776723
55.70324,12.58526,8.495914028889528,8495.914028889529
55.70325,12.58539,8.504134873037627,8504.134873037627
55.70319,12.58552,8.514663765378492,8514.663765378491
55.70316,12.58569,8.52582546939818,8525.82546939818
55.70318,12.58583,8.534874862166804,8534.874862166804
55.70315,12.5863,8.564511636287333,8564.511636287334
55.70323,12.58684,8.599495850979586,8599.495850979587
55.70329,12.58709,8.616521517063285,8616.521517063286
55.7033,12.58725,8.62660796295348,8626.60796295348
55.70333,12.5874,8.636580819135363,8636.580819135363
55.70338,12.5875,8.644957485505744,8644.957485505744
55.70341,12.58763,8.653759374274134,8653.759374274134
55.70339,12.58788,8.669580424834702,8669.580424834703
55.70335,12.58796,8.676281756491322,8676.281756491322
55.70326,12.58803,8.687208215726818,8687.208215726818
55.7032,12.58805,8.693996585351165,8693.996585351166
55.70314,12.58816,8.703588971987795,8703.588971987794
55.70302,12.58829,8.719222045411074,8719.222045411074
55.70293,12.58834,8.729708503874212,8729.708503874212
55.7028,12.58844,8.74546337945114,8745.46337945114
55.70275,12.58845,8.751058328340267,8751.058328340267
55.70257,12.58864,8.774346309209635,8774.346309209635
55.70249,12.58869,8.783777462195856,8783.777462195856
55.70246,12.58878,8.790329413048752,8790.329413048752
55.70236,12.58881,8.801606683121474,8801.606683121474
55.70229,12.58886,8.809997167661205,8809.997167661206
55.70215,12.58881,8.825876593588674,8825.876593588675
55.7021,12.58883,8.831575827792687,8831.575827792687
55.702,12.58884,8.842712975617282,8842.712975617282
55.70194,12.58887,8.849644431906544,8849.644431906543
55.70172,12.58907,8.877130379133435,8877.130379133436
55.70159,12.58914,8.89223651627813,8892.23651627813
55.70151,12.58922,8.902447248200842,8902.447248200842
55.70128,12.58933,8.928934612128181,8928.934612128181
55.7012,12.5894,8.938852785164695,8938.852785164694
55.70112,12.58941,8.94777043252269,8947.77043252269
55.70094,12.58955,8.969623555970383,8969.623555970384
55.70082,12.58969,8.98559231827397,8985.59231827397
55.70061,12.58978,9.009614613454938,9009.614613454938
55.70049,12.5899,9.024930805787353,9024.930805787353
55.7004,12.58997,9.035857393866552,9035.857393866552
55.70003,12.59023,9.080107856894594,9080.107856894594
55.69983,12.5904,9.104766494369066,9104.766494369067
55.69975,12.59049,9.115299126134417,9115.299126134418
55.69967,12.59055,9.12495662130173,9124.95662130173
55.6995,12.59057,9.143901282965501,9143.901282965502
55.69918,12.59069,9.180269561518008,9180.269561518007
55.69902,12.59071,9.198104860875292,9198.104860875292
55.69893,12.59077,9.208795376884373,9208.795376884373
55.69885,12.59074,9.217887450996441,9217.88745099644
55.69857,12.59078,9.249122806561857,9249.122806561858
55.69852,12.59082,9.255221465340332,9255.221465340332
55.69843,12.59085,9.265404061998137,9265.404061998137
55.69809,12.59109,9.30609191710449,9306.09191710449
55.69795,12.59111,9.321709596662252,9321.709596662253
55.69778,12.59115,9.340778225045566,9340.778225045566
55.69772,12.59114,9.347479294698344,9347.479294698343
55.69757,12.59118,9.364345854679708,9364.345854679708
55.69713,12.59122,9.413335858950393,9413.335858950393
55.69705,12.5912,9.42231932287378,9422.31932287378
55.69681,12.59096,9.452952391368138,9452.952391368137
55.69642,12.59077,9.497923338649066,9497.923338649067
55.69637,12.59072,9.50430524897465,9504.30524897465
55.69629,12.59068,9.513547288785913,9513.547288785914
55.69612,12.59083,9.534658700085991,9534.65870008599
55.6959,12.59096,9.560442508006961,9560.442508006961
55.69581,12.59098,9.570528246021016,9570.528246021016
55.69574,12.59095,9.578535733528362,9578.535733528362
55.69565,12.59095,9.58854329074934,9588.543290749341
55.69559,12.59098,9.595474829869833,9595.474829869832
55.69549,12.59107,9.6079429850639,9607.9429850639
55.69545,12.59114,9.61419014257524,9614.19014257524
55.69522,12.59206,9.677263174676114,9677.263174676114
55.69496,12.59277,9.730325838471478,9730.325838471477
55.69494,12.59286,9.7363886871312,9736.3886871312
55.69465,12.59368,9.797057328150192,9797.057328150193
55.69462,12.59384,9.807624844949052,9807.624844949052
55.69448,12.59419,9.834522138751149,9834.522138751148
55.69441,12.59435,9.847215868389105,9847.215868389105
55.6944,12.59466,9.866675454788975,9866.675454788976
55.6943,12.59467,9.877812609558658,9877.812609558658
55.69426,12.59455,9.886549901005544,9886.549901005545
55.69418,12.59447,9.89676109448337,9896.76109448337
55.69412,12.59439,9.90510665580925,9905.10665580925
55.69408,12.59427,9.913843977060575,9913.843977060575
55.69408,12.59415,9.921364474858944,9921.364474858943
55.6941,12.59405,9.928014439427654,9928.014439427654
55.69409,12.59395,9.93437939936122,9934.37939936122
55.69426,12.59329,9.979856837352708,9979.856837352709
55.6943,12.59299,9.999176933913756,9999.176933913755
55.69426,12.59287,10.007914225360729,10007.914225360728
55.69415,12.59271,10.02373052381897,10023.73052381897
55.69391,12.59233,10.059498354288712,10059.498354288711
55.69383,12.59226,10.069416893116628,10069.416893116628
55.69341,12.59163,10.130572302208652,10130.572302208651
55.69328,12.59135,10.153307633708614,10153.307633708615
55.69279,12.59057,10.226508575822542,10226.508575822543
55.69263,12.59027,10.252393683984746,10252.393683984747
55.69255,12.5902,10.262312286344454,10262.312286344453
55.69252,12.59013,10.267823622356023,10267.823622356023
55.69218,12.58967,10.31536811383678,10315.36811383678
55.69213,12.58954,10.325231904512602,10325.231904512602
55.69184,12.58902,10.371079333596652,10371.079333596652
55.6918,12.58889,10.38036198369507,10380.36198369507
55.69159,12.58855,10.411974595144907,10411.974595144906
55.69153,12.58851,10.419101773057072,10419.101773057073
55.69147,12.58851,10.425773477871292,10425.773477871293
55.69133,12.58862,10.442799106518475,10442.799106518474
55.69125,12.5887,10.453010484500242,10453.010484500242
55.69119,12.58873,10.459942081018088,10459.942081018087
55.69097,12.58894,10.48772102005184,10487.72102005184
55.6909,12.58905,10.49811896586777,10498.11896586777
55.69084,12.5891,10.505490012964275,10505.490012964276
55.69065,12.58935,10.531793467305391,10531.793467305391
55.69045,12.58955,10.557322028755333,10557.322028755334
55.69034,12.58972,10.573543573749264,10573.543573749264
55.69015,12.58991,10.597795752741542,10597.795752741542
55.68958,12.59055,10.672804289396332,10672.804289396332
55.6894,12.59082,10.699014904564798,10699.014904564798
55.68928,12.59097,10.715337885596517,10715.337885596517
55.6892,12.59104,10.725256654233608,10725.256654233608
55.68916,12.59111,10.731504307408418,10731.504307408419
55.68903,12.59123,10.747799391232638,10747.799391232638
55.68897,12.59136,10.758330576413515,10758.330576413515
55.68894,12.59146,10.765430894727508,10765.430894727508
55.68887,12.59152,10.774075460079676,10774.075460079675
55.68883,12.59159,10.780323139259105,10780.323139259104
55.68848,12.592,10.82696057484599,10826.960574845989
55.68842,12.59209,10.83569754344529,10835.69754344529
55.68836,12.59214,10.8430686750533,10843.068675053299
55.68829,12.59223,10.85268160766563,10852.68160766563
55.68824,12.59227,10.858780537403085,10858.780537403085
55.68812,12.59242,10.875103679091941,10875.10367909194
55.68779,12.59276,10.917537789118798,10917.537789118798
55.68773,12.59286,10.92669205890848,10926.69205890848
55.6877,12.59295,10.933245842765524,10933.245842765524
55.6877,12.59319,10.948289292955254,10948.289292955254
55.68768,12.59334,10.957950883297412,10957.950883297412
55.6877,12.59376,10.984370693303628,10984.370693303628
55.68769,12.59425,11.0151045298228,11015.1045298228
55.68787,12.59505,11.069096185573166,11069.096185573166
55.68796,12.59575,11.114099490362253,11114.099490362254
55.68801,12.5959,11.12502240757487,11125.02240757487
55.68805,12.59618,11.143127780812128,11143.127780812127
55.68803,12.5963,11.15097131973774,11150.97131973774
55.68795,12.59644,11.163466813636273,11163.466813636272
55.68785,12.59642,11.174656764835493,11174.656764835494
55.68777,12.59635,11.184575604452492,11184.575604452491
55.68764,12.5963,11.199366808776844,11199.366808776844
55.68743,12.59617,11.224098708102904,11224.098708102903
55.68714,12.59607,11.256948844363212,11256.948844363213
55.68703,12.59594,11.271646099369885,11271.646099369886
55.68679,12.59582,11.299372710350728,11299.372710350728
55.68673,12.59576,11.307031457785042,11307.031457785042
55.68659,12.59566,11.323813364701962,11323.813364701962
55.68653,12.59559,11.33179862874182,11331.79862874182
55.68648,12.59558,11.33739360684595,11337.39360684595
55.68642,12.59577,11.351044778062427,11351.044778062427
55.68637,12.59585,11.358531939526669,11358.531939526669
55.68633,12.59599,11.368370382855007,11368.370382855006
55.68629,12.59604,11.373811516415152,11373.811516415153
55.68624,12.59616,11.383165198344365,11383.165198344364
55.68623,12.59627,11.390149455294846,11390.149455294846
55.68616,12.59636,11.39976256823938,11399.76256823938
55.68612,12.59658,11.414252479199842,11414.252479199842
55.68608,12.59665,11.420500375085936,11420.500375085936
55.68599,12.59655,11.432309002368312,11432.309002368313
55.68592,12.59653,11.440192973464775,11440.192973464775
55.68567,12.59633,11.4706879476905,11470.6879476905
55.68561,12.59631,11.477476421447546,11477.476421447547
55.68534,12.59613,11.509549339691734,11509.549339691734
55.68491,12.59577,11.562421087820818,11562.421087820818
55.68479,12.59563,11.578391826766598,11578.391826766598
55.68472,12.59546,11.591588340947443,11591.588340947443
55.68478,12.59537,11.600325654207465,11600.325654207465
55.68482,12.59541,11.605431547544374,11605.431547544375
55.68483,12.59545,11.608174469330956,11608.174469330956
55.68465,12.59538,11.628664940163361,11628.66494016336
55.68435,12.59518,11.664301625954236,11664.301625954236
55.68408,12.59504,11.695580712208896,11695.580712208895
55.68403,12.59499,11.701963108202682,11701.96310820268
55.68394,12.59495,11.71228001941518,11712.28001941518
55.68378,12.59484,11.731360806608928,11731.360806608927
55.6837,12.59474,11.742243311026215,11742.243311026215
55.68355,12.59464,11.760061703266032,11760.061703266032
55.68335,12.59456,11.78285916682132,11782.85916682132
55.6832,12.59442,11.801706498403421,11801.70649840342
55.68304,12.59425,11.822445337374447,11822.445337374447
55.68299,12.59423,11.828144706331177,11828.144706331177
55.68284,12.59412,11.846193231636041,11846.193231636042
55.68276,12.59402,11.85707582284755,11857.07582284755
55.68219,12.59355,11.926970778480245,11926.970778480245
55.68148,12.59293,12.014968471699937,12014.968471699938
55.68117,12.59272,12.051867458178405,12051.867458178405
55.68104,12.59256,12.069462103646462,12069.462103646461
55.68082,12.59239,12.09614579243416,12096.145792434161
55.68071,12.59226,12.110843777648611,12110.843777648612
55.68057,12.59217,12.127402064616044,12127.402064616044
55.6804,12.5921,12.146807949664238,12146.807949664239
55.68016,12.59185,12.177756884815523,12177.756884815522
55.68005,12.59169,12.193575476216175,12193.575476216174
55.67988,12.59153,12.214975232401924,12214.975232401925
55.67971,12.59144,12.23470253985772,12234.70253985772
55.67954,12.59131,12.25528786598904,12255.28786598904
55.67945,12.59133,12.265373669196192,12265.373669196191
55.67939,12.5914,12.273359373474829,12273.359373474828
55.67932,12.59153,12.284629345442776,12284.629345442776
55.6792,12.59203,12.31869837667843,12318.69837667843
55.67913,12.59241,12.343761657097211,12343.761657097211
55.67904,12.59272,12.365622263882315,12365.622263882315
55.67899,12.59284,12.37497706728544,12374.977067285441
55.67894,12.59288,12.381076242172949,12381.076242172949
55.67885,12.59287,12.391103418734193,12391.103418734194
55.6788,12.59285,12.396802817239925,12396.802817239924
55.67872,12.59279,12.406461097033631,12406.46109703363
55.67866,12.5927,12.415198974798955,12415.198974798954
55.67826,12.59236,12.464521305979098,12464.521305979097
55.67815,12.59224,12.47888140386365,12478.88140386365
55.67808,12.59215,12.488495200904673,12488.495200904672
55.67768,12.5914,12.553220922560916,12553.220922560917
55.67756,12.59116,12.573332328723005,12573.332328723005
55.67719,12.59045,12.633948251068121,12633.948251068121
55.6771,12.5902,12.65254504772333,12652.54504772333
55.6768,12.58952,12.706679320737742,12706.679320737741
55.67667,12.58912,12.735626447004774,12735.626447004774
55.67656,12.58888,12.755018257050192,12755.018257050193
55.67653,12.58871,12.766186886682918,12766.186886682919
55.67638,12.58824,12.800048279079586,12800.048279079587
55.67634,12.58815,12.807233375407984,12807.233375407985
55.67619,12.58762,12.844415024122599,12844.415024122598
55.6761,12.5872,12.872586305728092,12872.586305728091
55.67602,12.58708,12.884237136075516,12884.237136075515
55.67596,12.58706,12.891025666970107,12891.025666970107
55.67559,12.58724,12.933687750630895,12933.687750630896
55.67549,12.58724,12.944807258653654,12944.807258653655
55.67542,12.58722,12.952691283282562,12952.691283282562
55.67532,12.58715,12.964645666364556,12964.645666364555
55.67509,12.58687,12.995666587618162,12995.666587618161
55.675,12.58674,13.00857367150048,13008.57367150048
55.67486,12.58647,13.0315724982981,13031.572498298101
55.67465,12.58594,13.072188137190574,13072.188137190575
55.67443,12.58551,13.108593897612886,13108.593897612885
55.67431,12.58513,13.135902659434446,13135.902659434447
55.67418,12.58462,13.170996406335313,13170.996406335313
55.67412,12.58417,13.199990681442172,13199.990681442172
55.67397,12.58344,13.24870800889916,13248.708008899159
55.67387,12.58309,13.273310337329344,13273.310337329343
55.67375,12.58281,13.295362371734452,13295.362371734453
55.67369,12.58259,13.310685785957146,13310.685785957146
55.67358,12.58232,13.331571963557396,13331.571963557395
55.67348,12.58186,13.36248480977273,13362.48480977273
55.67343,12.58173,13.372351819366045,13372.351819366046
55.67308,12.58118,13.424351884323302,13424.351884323301
55.67296,12.58095,13.443999839782354,13443.999839782353
55.67274,12.58062,13.476040719670676,13476.040719670676
55.67238,12.5799,13.536379307116116,13536.379307116116
55.67202,12.5793,13.591315173160815,13591.315173160816
55.67194,12.57918,13.602966510271147,13602.966510271146
55.6719,12.57914,13.60807280918145,13608.07280918145
55.67186,12.57913,13.612564597538068,13612.564597538068
55.6718,12.57902,13.622160955507448,13622.160955507448
55.67175,12.57898,13.628260319938994,13628.260319938994
55.67166,12.57864,13.65181249952916,13651.81249952916
55.67134,12.57808,13.70180487079551,13701.80487079551
55.67124,12.57784,13.720516867449863,13720.516867449864
55.6711,12.57759,13.74260998585887,13742.60998585887
55.67094,12.57722,13.771847878825326,13771.847878825327
55.67085,12.5771,13.78436890852914,13784.36890852914
55.67074,12.57647,13.82572519783544,13825.725197835442
55.67074,12.5763,13.836385596329567,13836.385596329566
55.67059,12.57599,13.861999954462659,13861.999954462659
55.6705,12.57589,13.873809899852478,13873.809899852478
55.67042,12.57571,13.888181429308604,13888.181429308604
55.67032,12.57563,13.90038023225384,13900.38023225384
55.67019,12.57543,13.919518001484015,13919.518001484015
55.67006,12.57521,13.939500188467939,13939.500188467939
55.67002,12.57524,13.944329491680206,13944.329491680206
55.66977,12.57513,13.972971327585727,13972.971327585727
55.6697,12.57502,13.98337175215186,13983.371752151861
55.66954,12.57464,14.013110397212508,14013.110397212507
55.66948,12.57443,14.027873118283692,14027.873118283691
55.66933,12.57413,14.053015331435153,14053.015331435154
55.66927,12.57396,14.065591662621687,14065.591662621688
55.66897,12.57335,14.116347245406507,14116.347245406507
55.66886,12.57308,14.137235078616547,14137.235078616546
55.66869,12.57275,14.165263678958276,14165.263678958276
55.66858,12.57257,14.181907882625627,14181.907882625626
55.66838,12.57231,14.209483768607974,14209.483768607974
55.66832,12.57225,14.217143385605134,14217.143385605134
55.66817,12.57217,14.234560843809284,14234.560843809284
55.66802,12.57204,14.253125945563978,14253.125945563977
55.66796,12.57194,14.262282385339995,14262.282385339995
55.66786,12.57176,14.278127545834492,14278.127545834492
55.66758,12.57119,14.325531904809989,14325.531904809988
55.66663,12.56905,14.496326016362085,14496.326016362085
55.66604,12.56787,14.595223065657596,14595.223065657596
55.66582,12.56734,14.63649406130865,14636.49406130865
55.66556,12.56682,14.680076214058841,14680.076214058841
55.66525,12.56607,14.738392144866527,14738.392144866528
55.66498,12.56553,14.783650906613206,14783.650906613206
55.66474,12.56497,14.827761370783877,14827.761370783877
55.66455,12.56461,14.858682893270453,14858.682893270454
55.66437,12.56434,14.884900503380113,14884.900503380113
55.66406,12.56373,14.936397285519586,14936.397285519586
55.66372,12.56304,14.993861642102601,14993.861642102602
55.66358,12.56267,15.021805713381873,15021.805713381873
55.66338,12.56223,15.057247973983145,15057.247973983145
55.66322,12.56193,15.083143355826754,15083.143355826754
55.66312,12.56166,15.103402196773967,15103.402196773966
55.66309,12.56148,15.115174403793965,15115.174403793964
55.6631,12.56138,15.12154425610993,15121.54425610993
55.66316,12.56125,15.13207961244389,15132.079612443891
55.66352,12.56065,15.18702131351161,15187.02131351161
55.66392,12.5602,15.239698407413465,15239.698407413465
55.66406,12.56002,15.25892839341997,15258.92839341997
55.66426,12.55967,15.290176517561441,15290.176517561442
55.66456,12.55923,15.333470107580785,15333.470107580786
55.66478,12.55888,15.36633792176209,15366.33792176209
55.66505,12.55854,15.403162812139657,15403.162812139657
55.66532,12.5581,15.44394116990197,15443.941169901971
55.66544,12.55798,15.459260684484061,15459.260684484061
55.6656,12.55784,15.479100576730561,15479.100576730561
55.6658,12.55764,15.504633050649115,15504.633050649116
55.66589,12.55758,15.515324687645933,15515.324687645932
55.66638,12.55702,15.580148647693882,15580.148647693883
55.66662,12.55682,15.609636158258224,15609.636158258225
55.66668,12.55679,15.61656807534659,15616.56807534659
55.6668,12.55677,15.629970307652721,15629.970307652722
55.66704,12.55662,15.658266611931781,15658.266611931782
55.66711,12.55662,15.66605026754849,15666.05026754849
55.66719,12.55658,15.67529281496737,15675.29281496737
55.66733,12.55649,15.69185175969309,15691.85175969309
55.66748,12.55637,15.710150198617367,15710.150198617366
55.66781,12.55593,15.75606201822366,15756.062018223662
55.6679,12.55577,15.77023359123111,15770.23359123111
55.66791,12.55573,15.772977504678199,15772.9775046782
55.6679,12.5556,15.78120564548429,15781.20564548429
55.66786,12.55553,15.787454977162348,15787.454977162348
55.66774,12.5553,15.807104345037931,15807.104345037931
55.66768,12.55525,15.814476181437898,15814.476181437898
55.66757,12.55506,15.831552129444983,15831.552129444983
55.66745,12.55489,15.84863163294428,15848.63163294428
55.66723,12.55446,15.88504106825364,15885.04106825364
55.66709,12.55414,15.91043958404429,15910.43958404429
55.66691,12.55389,15.935864412366437,15935.864412366436
55.66683,12.55371,15.950236755222843,15950.236755222842
55.66675,12.5535,15.966129590500415,15966.129590500415
55.66642,12.55283,16.021915532928823,16021.915532928822
55.66634,12.55259,16.03939935463289,16039.399354632891
55.66616,12.55227,16.067743083437854,16067.743083437854
55.66609,12.55206,16.08304150130895,16083.041501308951
55.66591,12.55166,16.1151340037995,16115.134003799501
55.66587,12.55151,16.12553987357281,16125.539873572809
55.66572,12.55125,16.14886560870885,16148.86560870885
55.66565,12.55101,16.16581097826973,16165.810978269728
55.66542,12.55041,16.21130917981317,16211.30917981317
55.66534,12.55008,16.23383647374496,16233.836473744961
55.66532,12.54985,16.24843178397284,16248.431783972841
55.6652,12.54946,16.27629430804116,16276.294308041159
55.66512,12.54913,16.298821708863933,16298.821708863934
55.66497,12.54883,16.323965490573354,16323.965490573353
55.66482,12.54842,16.354615426195686,16354.615426195685
55.66469,12.54814,16.377360662659186,16377.360662659186
55.66462,12.54803,16.387761681208797,16387.761681208798
55.66456,12.54757,16.417373376370207,16417.373376370208
55.66443,12.54709,16.450768788902277,16450.768788902278
55.66439,12.54683,16.46767127130473,16467.67127130473
55.66437,12.54675,16.473159511357775,16473.159511357775
55.66428,12.54631,16.50251420975687,16502.51420975687
55.66419,12.54576,16.538431810510705,16538.431810510705
55.66409,12.545,16.587377890361857,16587.37789036186
55.66403,12.54474,16.604996839229475,16604.996839229476
55.66391,12.54435,16.632860071075402,16632.860071075404
55.66381,12.54414,16.650097235347005,16650.097235347006
55.6638,12.54397,16.660817348099556,16660.817348099557
55.66381,12.5438,16.671537460852203,16671.537460852203
55.66368,12.5432,16.711849982828884,16711.849982828884
55.66363,12.54282,16.736323310379664,16736.323310379663
55.66362,12.54267,16.74579673907669,16745.796739076693
55.66364,12.54259,16.751285067034395,16751.285067034394
55.66369,12.54253,16.75799866088528,16757.99866088528
55.66373,12.54255,16.762619964521143,16762.61996452114
55.66388,12.54283,16.786839813622308,16786.839813622308
55.664,12.54322,16.814703061928462,16814.703061928463
55.66405,12.54345,16.83016275416711,16830.162754167108
55.6642,12.544,16.868478903677588,16868.478903677587
55.66425,12.54438,16.892951893194688,16892.951893194688
55.66436,12.54474,16.91863077770522,16918.63077770522
55.6644,12.54519,16.947202388969956,16947.202388969956
55.66452,12.54553,16.972357286924684,16972.357286924685
55.66454,12.54571,16.983863520196284,16983.863520196282
55.66462,12.54609,17.009302424657502,17009.3024246575
55.66473,12.54641,17.032805683180165,17032.805683180166
55.66482,12.54662,17.049347130020728,17049.347130020727
55.66491,12.54718,17.08586695496137,17085.866954961373
55.66511,12.54785,17.13340967325769,17133.40967325769
55.66518,12.5481,17.150914692218603,17150.9146922186
55.66522,12.54837,17.168422701330552,17168.422701330554
55.66535,12.54874,17.19576209400257,17195.76209400257
55.66546,12.54923,17.228838014160374,17228.838014160374
55.6656,12.54952,17.252778304565375,17252.778304565374
55.66565,12.54972,17.26649853989079,17266.49853989079
55.66573,12.54993,17.28239168194381,17282.39168194381
55.66587,12.55019,17.304935711057365,17304.935711057366
55.66594,12.55049,17.325296990800876,17325.296990800874
55.66633,12.55133,17.39353126592511,17393.53126592511
55.66641,12.55144,17.4047884207303,17404.7884207303
55.66648,12.55171,17.423424795921793,17423.424795921794
55.66666,12.55229,17.464942500374317,17464.942500374316
55.66684,12.55259,17.492412228023664,17492.412228023662
55.66718,12.55332,17.551786061816685,17551.786061816685
55.66726,12.55358,17.57036036093232,17570.360360932318
55.66741,12.5539,17.596455142121062,17596.455142121064
55.66786,12.55472,17.66820674686243,17668.20674686243
55.66797,12.55506,17.692788256403674,17692.788256403674
55.66821,12.55557,17.734443048826762,17734.44304882676
55.66823,12.55571,17.743500044517482,17743.50004451748
55.66824,12.55596,17.759217487319585,17759.217487319584
55.6683,12.5562,17.775680839656854,17775.680839656852
55.66867,12.55706,17.843514159528887,17843.514159528888
55.66871,12.5572,17.85335613769916,17853.35613769916
55.66891,12.55764,17.88879547196463,17888.79547196463
55.66918,12.55819,17.934522828968888,17934.52282896889
55.66965,12.55936,18.024603924117443,18024.603924117444
55.66981,12.55971,18.05285744649776,18052.85744649776
55.66996,12.55999,18.077075317460913,18077.075317460913
55.67013,12.56036,18.107003290255925,18107.003290255925
55.67043,12.56125,18.172023720546992,18172.023720546993
55.67048,12.56134,18.179946039282225,18179.946039282226
55.67061,12.56148,18.19685851154398,18196.85851154398
55.67069,12.5615,18.205842093761223,18205.842093761225
55.67077,12.56147,18.21493444795834,18214.934447958338
55.67089,12.56146,18.228292584462714,18228.292584462713
55.67098,12.5616,18.24160513259956,18241.60513259956
55.67102,12.56161,18.246096922925076,18246.096922925077
55.67109,12.56159,18.2539809699885,18253.9809699885
55.6714,12.56134,18.29184886401195,18291.84886401195
55.67153,12.56126,18.307149954534168,18307.14995453417
55.67163,12.56113,18.32093751564533,18320.93751564533
55.67163,12.56106,18.325326991649188,18325.326991649188
55.67154,12.56074,18.34775027302599,18347.75027302599
55.67145,12.56053,18.36428991916698,18364.28991916698
55.67134,12.56034,18.381365066143715,18381.365066143717
55.67129,12.5602,18.391756509931337,18391.756509931336
55.67123,12.55994,18.40937268215965,18409.37268215965
55.67074,12.55875,18.50176949169964,18501.76949169964
55.67073,12.55866,18.507521730237457,18507.52173023746
55.67066,12.55842,18.524465388152105,18524.465388152104
55.67051,12.558,18.5556401346482,18555.6401346482
55.67038,12.55742,18.594778484121147,18594.778484121147
55.67022,12.55683,18.63583209798426,18635.83209798426
55.66997,12.55603,18.69318661353792,18693.18661353792
55.66989,12.55584,18.708055860427876,18708.055860427878
55.66977,12.55537,18.740409173102936,18740.409173102937
55.6697,12.55514,18.756798675746076,18756.798675746075
55.66962,12.55491,18.773744563541516,18773.744563541517
55.66952,12.55472,18.79004207134025,18790.04207134025
55.66934,12.55403,18.837717101631746,18837.717101631748
55.66931,12.55388,18.847697660138685,18847.697660138685
55.66891,12.55246,18.947237046224693,18947.237046224694
55.66871,12.55203,18.982190327038744,18982.190327038745
55.66852,12.55146,19.02371264597106,19023.71264597106
55.66839,12.5509,19.061689975434824,19061.689975434823
55.66826,12.55052,19.089562090328677,19089.562090328676
55.66818,12.55017,19.113245486775515,19113.245486775515
55.66807,12.54986,19.13621405681161,19136.214056811612
55.66796,12.5494,19.167547804593617,19167.547804593618
55.66795,12.54927,19.175775935078377,19175.775935078378
55.66776,12.54868,19.218383398266965,19218.383398266964
55.6677,12.54844,19.23484694048378,19234.84694048378
55.66744,12.54776,19.286368100723948,19286.368100723947
55.66742,12.54764,19.29421544110228,19294.215441102282
55.6674,12.54747,19.305106225213212,19305.10622521321
55.66742,12.5472,19.32218430423352,19322.18430423352
55.6674,12.54645,19.369272022184408,19369.272022184407
55.66741,12.5461,19.39124991918379,19391.24991918379
55.66736,12.54562,19.421861569765408,19421.86156976541
55.66745,12.54479,19.47486712986168,19474.86712986168
55.66751,12.54445,19.49720910335062,19497.20910335062
55.66755,12.54432,19.506496196212186,19506.496196212185
55.66759,12.5443,19.51111746626792,19511.11746626792
55.66778,12.54442,19.533544841514004,19533.544841514005
55.668,12.5445,19.558516923224925,19558.516923224925
55.66814,12.5446,19.57529994328878,19575.29994328878
55.66834,12.5447,19.598406264424717,19598.406264424717
55.66843,12.54479,19.609895687441824,19609.895687441825
55.66871,12.54493,19.642244516936916,19642.244516936917
55.66904,12.54504,19.679581668584564,19679.581668584564
55.66909,12.54524,19.69330089590912,19693.300895909117
55.6693,12.54528,19.716786207581364,19716.786207581365
55.66947,12.5454,19.737132188743796,19737.132188743795
55.66989,12.54559,19.785330063331617,19785.330063331618
55.67012,12.54573,19.81236985431841,19812.369854318407
55.67022,12.54576,19.823647382917787,19823.64738291779
55.67039,12.54577,19.84256094515472,19842.56094515472
55.67045,12.54579,19.849349509032415,19849.349509032414
55.67067,12.54589,19.874603378407983,19874.603378407985
55.67084,12.54599,19.89451952216267,19894.51952216267
55.671,12.546,19.912321782771485,19912.321782771487
55.67107,12.546,19.920105438387488,19920.105438387487
55.67116,12.54595,19.93059266000547,19930.59266000547
55.67133,12.5459,19.949754083385468,19949.75408338547
55.67144,12.54578,19.964114868533454,19964.114868533452
55.67155,12.54579,19.97636239081427,19976.36239081427
55.67163,12.54586,19.986282035592353,19986.282035592354
55.67172,12.546,19.999594474234627,19999.594474234626
55.67181,12.54623,20.017148964224805,20017.148964224805
55.67187,12.5465,20.035346815092474,20035.346815092475
55.67203,12.54701,20.071942728253127,20071.94272825313
55.67225,12.54764,20.118408426578817,20118.40842657882
55.67227,12.54778,20.127464543560286,20127.464543560287
55.67238,12.54814,20.153139359707126,20153.139359707126
55.67247,12.54871,20.19025610083319,20190.25610083319
55.6727,12.54953,20.24768359971991,20247.68359971991
55.67273,12.54962,20.254239246239173,20254.239246239173
55.67279,12.54972,20.26339516244602,20263.39516244602
55.67285,12.54972,20.270066867259533,20270.066867259535
55.67291,12.54962,20.279222770295913,20279.222770295914
55.67296,12.54946,20.290693036411803,20290.6930364118
55.67299,12.54918,20.308564430034377,20308.564430034377
55.67307,12.54885,20.33108800696263,20331.08800696263
55.67327,12.54773,20.404753911215852,20404.753911215852
55.67329,12.54731,20.43118338759364,20431.183387593643
55.67332,12.54722,20.437738960850265,20437.738960850264
55.67331,12.54702,20.450328980642848,20450.328980642847
55.67335,12.54658,20.47827499364014,20478.27499364014
55.67338,12.54631,20.495530592649537,20495.53059264954
55.67351,12.5457,20.536420347187406,20536.420347187406
55.67358,12.54437,20.62017876040187,20620.178760401872
55.67361,12.5442,20.631348157126048,20631.34815712605
55.67366,12.54346,20.67808071073159,20678.08071073159
55.67375,12.54273,20.724935463222675,20724.935463222675
55.67382,12.54167,20.791855222881015,20791.855222881015
55.67389,12.54146,20.807151401125584,20807.151401125582
55.67397,12.54032,20.879184336444283,20879.184336444283
55.67402,12.53997,20.901823685454104,20901.823685454103
55.67405,12.53938,20.938968517415613,20938.968517415615
55.67424,12.53791,21.033531871122005,21033.531871122006
55.67428,12.53725,21.07515390951677,21075.15390951677
55.67431,12.53631,21.13418861087476,21134.18861087476
55.67435,12.53606,21.15048302583382,21150.483025833822
55.67438,12.53564,21.17702847602408,21177.02847602408
55.67448,12.53507,21.214458594871537,21214.458594871536
55.67452,12.5344,21.256703865547273,21256.70386554727
55.67459,12.53392,21.287791090183234,21287.791090183233
55.67467,12.53323,21.331960512952154,21331.960512952155
55.67474,12.53276,21.362440983823426,21362.440983823424
55.6748,12.53245,21.382991650840896,21382.991650840897
55.67482,12.53239,21.387361908424783,21387.361908424784
55.67489,12.53235,21.395539663988995,21395.539663988995
55.67495,12.53235,21.402211368803215,21402.211368803215
55.67541,12.53252,21.454459946687273,21454.45994668727
55.67554,12.53254,21.468969598411185,21468.969598411186
55.6757,12.53261,21.487294194564655,21487.294194564656
55.67582,12.53256,21.50100093969965,21501.00093969965
55.67615,12.53259,21.53774349548655,21537.74349548655
55.67636,12.53263,21.56122875882121,21561.22875882121
55.67658,12.53273,21.58648239301,21586.482393010003
55.6768,12.53281,21.611454248064238,21611.454248064238
55.67704,12.53284,21.638207272071842,21638.207272071842
55.67763,12.53302,21.704775981471354,21704.775981471354
55.67801,12.53321,21.748677199956486,21748.677199956484
55.67816,12.53326,21.765648496179224,21765.648496179223
55.67847,12.53328,21.800141770271104,21800.141770271104
55.6786,12.53334,21.815078575919884,21815.078575919884
55.67868,12.53335,21.823996248650865,21823.996248650863
55.67899,12.5333,21.858608968488237,21858.60896848824
55.67909,12.53332,21.869798951512333,21869.798951512334
55.67928,12.53344,21.8922255846939,21892.2255846939
55.67942,12.53346,21.907843312296684,21907.843312296685
55.67964,12.53354,21.932815094208042,21932.815094208043
55.6799,12.53361,21.96205700358009,21962.05700358009
55.68005,12.53362,21.97874804394888,21978.74804394888
55.68011,12.53364,21.98553655062506,21985.53655062506
55.68025,12.53373,22.00209486020509,22002.094860205092
55.68034,12.53383,22.01390397591216,22013.903975912162
55.68044,12.53388,22.025456872259646,22025.456872259645
55.68077,12.53395,22.06241273682498,22062.412736824983
55.68082,12.53395,22.067972490836006,22067.972490836004
55.68093,12.53394,22.080220005419672,22080.220005419673
55.68111,12.53398,22.100391599678808,22100.39159967881
55.68139,12.53415,22.133299771380607,22133.299771380607
55.6816,12.53426,22.15764771974386,22157.64771974386
55.68192,12.53455,22.19760558503655,22197.60558503655
55.68216,12.5349,22.23215435508377,22232.15435508377
55.68282,12.53565,22.319312324381333,22319.31232438133
55.6831,12.5359,22.354168906520336,22354.168906520335
55.6833,12.53619,22.382892964007734,22382.892964007733
55.68335,12.53625,22.389605498319693,22389.605498319692
55.68352,12.53634,22.40933265559213,22409.33265559213
55.68375,12.53656,22.43838902886403,22438.38902886403
55.68394,12.53684,22.465856107485536,22465.856107485535
55.68424,12.53714,22.504150475182087,22504.150475182087
55.68448,12.53754,22.540769047079202,22540.7690470792
55.6846,12.53769,22.557092692905098,22557.0926929051
55.68475,12.5378,22.575141099646622,22575.141099646622
55.685,12.53808,22.608017275074022,22608.017275074024
55.68516,12.53832,22.631316695126902,22631.3166951269
55.68528,12.53842,22.646059174398044,22646.059174398044
55.68533,12.53841,22.651654154658644,22651.654154658645
55.6854,12.53831,22.661648108728077,22661.648108728077
55.68551,12.53803,22.6830413492695,22683.0413492695
55.68561,12.53737,22.725881346082573,22725.881346082573
55.68568,12.53698,22.75153745231518,22751.53745231518
55.68609,12.53537,22.86227826492305,22862.27826492305
55.6862,12.53488,22.895339052036384,22895.339052036383
55.68645,12.53348,22.98739329059698,22987.39329059698
55.68656,12.53277,23.03354840652306,23033.54840652306
55.68663,12.53264,23.044817287506504,23044.817287506503
55.68673,12.53231,23.068301844458276,23068.301844458274
55.68686,12.53164,23.112717249077193,23112.71724907719
55.68698,12.53127,23.13947423396042,23139.47423396042
55.68715,12.53066,23.182127787579773,23182.127787579775
55.68736,12.52973,23.244924777334234,23244.924777334232
55.68744,12.52947,23.263491694508996,23263.491694508997
55.68745,12.52932,23.27295943615861,23272.959436158613
55.68758,12.5288,23.30861536968274,23308.615369682742
55.68764,12.52837,23.33638173455761,23336.38173455761
55.6877,12.52812,23.353413149344135,23353.413149344135
55.68782,12.52771,23.38236992476932,23382.369924769322
55.68787,12.52763,23.38985696169405,23389.85696169405
55.68795,12.52763,23.39875256811325,23398.75256811325
55.68877,12.52843,23.50281123258726,23502.81123258726
55.68894,12.52853,23.52272646307647,23522.72646307647
55.6891,12.52867,23.54256402219121,23542.56402219121
55.68934,12.52892,23.57351114320808,23573.51114320808
55.68971,12.5292,23.618240071016714,23618.240071016713
55.68996,12.52945,23.650150913531597,23650.150913531597
55.69021,12.52966,23.68090827928403,23680.90827928403
55.69036,12.5298,23.699754878369973,23699.75487836997
55.69063,12.52997,23.731612219282578,23731.61221928258
55.69069,12.53002,23.73898327353527,23738.98327353527
55.6913,12.53067,23.818106336706062,23818.106336706063
55.69163,12.53109,23.863266098369216,23863.266098369215
55.69185,12.5313,23.891044932130907,23891.044932130906
55.69198,12.53145,23.908288450684097,23908.288450684096
55.69229,12.53167,23.94541431628775,23945.414316287748
55.69281,12.53216,24.01088505138043,24010.885051380432
55.69304,12.53235,24.03909621505068,24039.09621505068
55.69337,12.53272,24.08250351888008,24082.50351888008
55.69368,12.53301,24.12147192644531,24121.47192644531
55.69386,12.53331,24.148932756856915,24148.932756856917
55.69417,12.53365,24.189457432022248,24189.45743202225
55.69438,12.53382,24.215124045702343,24215.12404570234
55.69479,12.53408,24.263538377669757,24263.538377669756
55.69494,12.53421,24.282101030526764,24282.101030526763
55.69524,12.53442,24.317961743118648,24317.96174311865
55.6954,12.53457,24.338083704921555,24338.083704921555
55.69584,12.53506,24.395847770559136,24395.847770559136
55.69598,12.53515,24.412405306972552,24412.405306972552
55.69659,12.53579,24.49120473145746,24491.204731457463
55.69664,12.53586,24.498286663462842,24498.28666346284
55.69668,12.536,24.508123042939033,24508.123042939034
55.69678,12.53639,24.534973650985002,24534.973650985
55.69687,12.53692,24.569661802136157,24569.661802136157
55.69695,12.53772,24.62057792685753,24620.577926857528
55.69698,12.53815,24.64773008529372,24647.73008529372
55.69695,12.53825,24.654829270098,24654.829270098
55.69686,12.53837,24.667347293692735,24667.347293692736
55.69658,12.53848,24.69923589092149,24699.23589092149
55.6963,12.53852,24.730471258167245,24730.471258167247
55.69614,12.53847,24.748536286727088,24748.53628672709
55.69595,12.53846,24.769672644252324,24769.672644252325
55.69557,12.53837,24.812301538451315,24812.301538451316
55.6953,12.53838,24.842330750056288,24842.330750056288
55.69504,12.53835,24.871302537221393,24871.302537221392
55.69472,12.53836,24.906890481303257,24906.890481303257
55.69423,12.53828,24.96160625392568,24961.60625392568
55.69408,12.53831,24.978391147026258,24978.391147026257
55.69381,12.53834,25.008472631467402,25008.4726314674
55.69366,12.53841,25.025719182248647,25025.719182248646
55.69353,12.53839,25.040228783779018,25040.228783779017
55.69345,12.53842,25.049320911594293,25049.320911594292
55.69329,12.53842,25.06711212443198,25067.11212443198
55.69309,12.53845,25.089430477050428,25089.430477050428
55.69305,12.53848,25.094259348967054,25094.259348967054
55.69294,12.53849,25.106506853607506,25106.506853607505
55.69275,12.53858,25.128373922625656,25128.373922625655
55.69259,12.53859,25.146176170956924,25146.176170956925
55.69251,12.53864,25.155607589714695,25155.607589714695
55.69224,12.53865,25.18563680234416,25185.63680234416
55.69186,12.53878,25.228669294739607,25228.669294739608
55.69175,12.5388,25.24096481507303,25240.96481507303
55.69149,12.539,25.27247600031294,25272.476000312938
55.69125,12.53911,25.300038969071903,25300.038969071902
55.69119,12.53911,25.306710673885416,25306.710673885416
55.69101,12.5392,25.327505468136557,25327.50546813656
55.69086,12.53936,25.346967259295564,25346.967259295565
55.69074,12.53955,25.364851829587064,25364.851829587064
55.69051,12.54,25.402924914180172,25402.924914180174
55.69023,12.54051,25.447547055046606,25447.547055046605
55.69014,12.54075,25.465614368954274,25465.614368954273
55.69004,12.54096,25.4828447881493,25482.8447881493
55.68998,12.54103,25.49082983947481,25490.82983947481
55.68985,12.54126,25.51124486828022,25511.24486828022
55.68946,12.54186,25.568645950908238,25568.645950908238
55.68928,12.54224,25.599756903902517,25599.75690390252
55.68917,12.54264,25.627652882932544,25627.652882932543
55.68915,12.5428,25.63792509800484,25637.92509800484
55.68918,12.54286,25.642952118847994,25642.952118847992
55.68941,12.54312,25.673277796974777,25673.277796974777
55.68973,12.54336,25.711909296629056,25711.909296629055
55.68985,12.54349,25.727543813373096,25727.543813373097
55.68994,12.54354,25.738030585112774,25738.030585112774
55.69019,12.54397,25.776749311490786,25776.749311490785
55.69028,12.54406,25.788237186458954,25788.237186458955
55.69035,12.54407,25.796046036151402,25796.0460361514
55.6905,12.54401,25.81314398625635,25813.14398625635
55.69064,12.5439,25.830169674169724,25830.169674169723
55.69081,12.5438,25.850084810314755,25850.084810314755
55.69111,12.54365,25.884742809865582,25884.74280986558
55.69117,12.54363,25.891531251059657,25891.531251059656
55.69141,12.54349,25.9196235788174,25919.6235788174
55.69149,12.54341,25.92983494672384,25929.83494672384
55.69165,12.54331,25.948697836437393,25948.697836437394
55.69187,12.54313,25.975636743065532,25975.636743065534
55.69197,12.54308,25.987189388709282,25987.18938870928
55.69238,12.54296,26.033395556476464,26033.395556476462
55.69254,12.54293,26.0512858447679,26051.2858447679
55.69269,12.54284,26.06889305857276,26068.893058572758
55.69283,12.54272,26.086181866675545,26086.181866675546
55.69298,12.54261,26.10422971902906,26104.22971902906
55.69306,12.54251,26.115111366607486,26115.111366607485
55.6933,12.54214,26.150465344749612,26150.465344749613
55.6934,12.54191,26.168670368805852,26168.67036880585
55.69345,12.54185,26.175382358843496,26175.382358843497
55.69356,12.54188,26.187757477305247,26187.757477305247
55.69382,12.54213,26.22064078035176,26220.64078035176
55.69403,12.5423,26.2463074336242,26246.3074336242
55.69411,12.54241,26.257561596125214,26257.561596125215
55.69434,12.54266,26.287554078785497,26287.5540787855
55.69439,12.5427,26.29365284773714,26293.65284773714
55.69462,12.5429,26.322133994528528,26322.13399452853
55.69492,12.54325,26.362057783775178,26362.057783775177
55.69506,12.5434,26.38024318350929,26380.24318350929
55.69515,12.54346,26.390933830443124,26390.933830443126
55.69543,12.54377,26.42763242299353,26427.63242299353
55.69579,12.54405,26.471339646611433,26471.33964661143
55.69591,12.54419,26.487309029138064,26487.309029138065
55.69629,12.54451,26.53408038148334,26534.080381483338
55.6965,12.54477,26.562553949347627,26562.553949347628
55.69666,12.545,26.58545094398463,26585.45094398463
55.69671,12.54511,26.594306951373664,26594.306951373663
55.69667,12.54544,26.615459843937675,26615.459843937675
55.69656,12.54572,26.636848974941966,26636.848974941964
55.69651,12.5458,26.644335265500438,26644.33526550044
55.69617,12.54628,26.69264820320424,26692.64820320424
55.69602,12.54662,26.71970712275424,26719.70712275424
55.69596,12.54671,26.728443389003647,26728.44338900365
55.69582,12.54687,26.746960387233212,26746.96038723321
55.69566,12.54722,26.77520257549777,26775.20257549777
55.69547,12.54752,26.80348353774247,26803.483537742468
55.69526,12.54805,26.844084851591365,26844.084851591364
55.6951,12.54818,26.863652694692068,26863.652694692068
55.69493,12.54839,26.88668592806608,26886.68592806608
55.69474,12.54866,26.913753734220947,26913.753734220947
55.69458,12.5488,26.933590733454643,26933.590733454643
55.69426,12.54915,26.97539067904846,26975.390679048458
55.69373,12.54985,27.048859668004845,27048.859668004843
55.69345,12.55032,27.091719907912623,27091.719907912622
55.69331,12.5506,27.11517792319281,27115.17792319281
55.69312,12.55088,27.14264231444871,27142.642314448713
55.69302,12.55108,27.159398114000815,27159.398114000815
55.69289,12.55126,27.177734417211216,27177.734417211217
55.69282,12.55139,27.189002354886405,27189.002354886405
55.69263,12.5516,27.213893586723227,27213.89358672323
55.69247,12.55184,27.237191151212212,27237.191151212213
55.69235,12.55206,27.256378651436883,27256.378651436884
55.69218,12.55233,27.28174951043257,27281.749510432568
55.69208,12.55242,27.29421788819601,27294.21788819601
55.69183,12.55273,27.328133341828487,27328.133341828485
55.69165,12.55307,27.35736848011615,27357.36848011615
55.69141,12.55342,27.39191386901998,27391.91386901998
55.69095,12.55421,27.463103010082484,27463.103010082483
55.69075,12.55442,27.488945049218877,27488.945049218877
55.69068,12.55451,27.49855777948827,27498.55777948827
55.69058,12.55473,27.516271456542064,27516.271456542065
55.69046,12.5549,27.53334704706048,27533.34704706048
55.69033,12.55522,27.558069965354832,27558.069965354833
55.69025,12.55532,27.568951864994954,27568.951864994953
55.69002,12.55569,27.603475409283703,27603.475409283703
55.68993,12.55587,27.618556296967352,27618.556296967352
55.68986,12.55598,27.628954364378888,27628.95436437889
55.6898,12.55616,27.64206140679809,27642.06140679809
55.68974,12.55644,27.660836545116375,27660.836545116374
55.68951,12.55723,27.716566852221426,27716.566852221426
55.68938,12.55743,27.735700590540567,27735.700590540568
55.68928,12.55768,27.754914649310486,27754.914649310485
55.68911,12.55831,27.798693593568096,27798.693593568096
55.68902,12.55843,27.81121252323531,27811.21252323531
55.6889,12.55883,27.839613793661897,27839.613793661898
55.6888,12.55906,27.85782013145479,27857.82013145479
55.68873,12.55914,27.867079125395747,27867.079125395747
55.68867,12.55928,27.878102482546776,27878.102482546776
55.68846,12.55989,27.922903727296177,27922.903727296176
55.68833,12.56012,27.943319151835947,27943.319151835945
55.68828,12.56018,27.95003141777937,27950.03141777937
55.68805,12.56088,28.000817198467146,28000.817198467146
55.68794,12.56113,28.020695879198747,28020.69587919875
55.68777,12.56185,28.069625031970787,28069.625031970787
55.68755,12.56263,28.124294858661806,28124.294858661804
55.6875,12.56276,28.1341594463423,28134.1594463423
55.687,12.56348,28.205768676810454,28205.768676810454
55.68688,12.5637,28.224957563325226,28224.957563325228
55.68677,12.56392,28.24339059044236,28243.39059044236
55.68667,12.56417,28.26260550222822,28262.60550222822
55.68644,12.56462,28.300680761780654,28300.680761780655
55.68624,12.56497,28.331920146645476,28331.920146645476
55.68599,12.56561,28.380727778014986,28380.727778014985
55.6858,12.56607,28.416473933715025,28416.473933715024
55.68549,12.56703,28.48582435206871,28485.82435206871
55.68519,12.56773,28.540944139135625,28540.944139135627
55.68513,12.56798,28.557976479400153,28557.976479400153
55.68493,12.56844,28.594391385397824,28594.391385397823
55.68473,12.56884,28.62790693713244,28627.90693713244
55.68452,12.56928,28.664045903088535,28664.045903088536
55.68445,12.56936,28.67330519428285,28673.30519428285
55.6844,12.56939,28.679174391738414,28679.174391738416
55.68431,12.56936,28.68935711378505,28689.35711378505
55.68424,12.56928,28.698616419564424,28698.616419564423
55.68387,12.56881,28.749220151224936,28749.220151224938
55.68377,12.56865,28.76419491648259,28764.19491648259
55.6837,12.56872,28.773130288507062,28773.13028850706
55.68356,12.56919,28.806453234876503,28806.453234876502
55.68326,12.57005,28.869850812653244,28869.850812653243
55.68312,12.57055,28.904847898714824,28904.847898714823
55.68308,12.57063,28.91155117503375,28911.55117503375
55.68296,12.57067,28.925128153571745,28925.128153571746
55.68277,12.57051,28.948515285395647,28948.515285395646
55.68238,12.56994,29.00470652573115,29004.70652573115
55.68223,12.56974,29.02557271064683,29025.57271064683
55.68196,12.56944,29.060999598268523,29060.999598268525
55.68181,12.56931,29.079563438453555,29079.563438453555
55.68151,12.5691,29.115425810437024,29115.425810437024
55.68124,12.569,29.146096034686643,29146.09603468664
55.68108,12.56892,29.164580642052346,29164.580642052348
55.68073,12.56854,29.21021138391864,29210.21138391864
55.68052,12.56834,29.236715742973075,29236.715742973076
55.68045,12.56825,29.246329339354457,29246.329339354455
55.68028,12.56798,29.271703633814134,29271.703633814133
55.67985,12.56746,29.329573838076186,29329.573838076187
55.67979,12.56737,29.338311610578632,29338.311610578632
55.67943,12.56704,29.383372179926845,29383.372179926846
55.67934,12.56694,29.39518137306882,29395.18137306882
55.67905,12.56651,29.437212475250263,29437.212475250264
55.67889,12.56634,29.457951895336375,29457.951895336377
55.67884,12.56631,29.463821178463874,29463.821178463873
55.67876,12.56633,29.47280472421372,29472.80472421372
55.67871,12.56637,29.478903905163747,29478.90390516375
55.6786,12.5664,29.491279132141695,29491.279132141695
55.67855,12.56644,29.497378317310197,29497.3783173102
55.67849,12.56649,29.504749785279806,29504.749785279804
55.6783,12.56677,29.532218427027527,29532.218427027525
55.67813,12.56695,29.5542340610077,29554.2340610077
55.67806,12.56705,29.56422874602071,29564.22874602071
55.67791,12.56717,29.58252634818686,29582.52634818686
55.67777,12.56732,29.600713879852318,29600.71387985232
55.67756,12.56748,29.626128431896895,29626.128431896894
55.67734,12.56785,29.659841701464625,29659.841701464626
55.67723,12.56805,29.67735880259017,29677.35880259017
55.6771,12.56823,29.69569790907162,29695.69790907162
55.67701,12.56831,29.70689210117619,29706.892101176192
55.67688,12.56848,29.724852209705855,29724.852209705856
55.67682,12.56862,29.73587768383023,29735.87768383023
55.67682,12.56866,29.738385623104993,29738.385623104994
55.67708,12.56905,29.77625046246964,29776.25046246964
55.67726,12.56927,29.80055821068871,29800.55821068871
55.67736,12.56948,29.817791916304934,29817.791916304934
55.67756,12.5698,29.8477436318656,29847.7436318656
55.67772,12.56994,29.867582320752582,29867.582320752583
55.67774,12.56997,29.870494976483357,29870.49497648336
55.6779,12.57042,29.90384964976919,29903.84964976919
55.67806,12.57069,29.92840748805492,29928.40748805492
55.6781,12.57081,29.93714746181995,29937.14746181995
55.67829,12.57146,29.983050900914694,29983.050900914695
55.67837,12.57191,30.012633294885603,30012.633294885603
55.67846,12.57215,30.030704378846544,30030.704378846545
55.67856,12.57234,30.046999896437498,30046.999896437497
55.67866,12.57268,30.071042296230814,30071.042296230815
55.67884,12.57302,30.100282595179426,30100.282595179426
55.67894,12.57326,30.11899224065626,30118.992240656262
55.67938,12.57397,30.185137290409553,30185.137290409555
55.67952,12.57415,30.20436465843034,30204.36465843034
55.67971,12.57439,30.23030211914363,30230.30211914363
55.67997,12.57464,30.263188067092248,30263.188067092247
55.68014,12.57493,30.28941554114381,30289.41554114381
55.68027,12.57511,30.307754107906465,30307.754107906465
55.6804,12.57528,30.32571366826431,30325.71366826431
55.68065,12.57565,30.361919154263376,30361.919154263374
55.68079,12.57579,30.379790230585662,30379.790230585662
55.6809,12.57597,30.396432045490773,30396.432045490772
55.68096,12.5761,30.40696453185845,30406.964531858448
55.68116,12.57631,30.4328082496365,30432.808249636502
55.68122,12.57629,30.43959674974176,30439.59674974176
55.68132,12.57621,30.45179497799169,30451.79497799169
55.68137,12.57615,30.458507619007165,30458.507619007163
55.68159,12.57552,30.504965299355696,30504.965299355696
55.68163,12.5755,30.509586447283052,30509.58644728305
55.68178,12.57584,30.536651542996033,30536.651542996035
55.68223,12.57652,30.602386150738916,30602.386150738916
55.6823,12.57651,30.61019501078956,30610.19501078956
55.68234,12.57645,30.61602003720337,30616.02003720337
55.68243,12.57622,30.633571310852165,30633.571310852167
55.68258,12.57597,30.656458427302585,30656.458427302587
55.68305,12.57585,30.709258753883795,30709.258753883794
55.6832,12.57592,30.72650560754346,30726.50560754346
55.6833,12.57599,30.73845966604881,30738.45966604881
55.68336,12.57596,30.745391365499195,30745.391365499196
55.68345,12.57586,30.757200216569707,30757.20021656971
55.68356,12.57562,30.77658996997188,30776.58996997188
55.68363,12.57536,30.79465196280686,30794.65196280686
55.68371,12.57489,30.825428700995875,30825.428700995875
55.68379,12.57465,30.842906770955885,30842.906770955884
55.68383,12.57458,30.849154847298955,30849.154847298956
55.6839,12.57456,30.85703882905089,30857.03882905089
55.68412,12.57489,30.889075897089395,30889.075897089395
55.68422,12.57491,30.900265861685924,30900.265861685923
55.6843,12.57481,30.911148318089566,30911.148318089567
55.68435,12.57473,30.918635657344403,30918.635657344403
55.68443,12.57449,30.93611351537016,30936.113515370158
55.68455,12.57377,30.983178677976063,30983.178677976062
55.68459,12.57367,30.9908649237584,30990.864923758403
55.68468,12.57357,31.002673670167045,31002.673670167045
55.68495,12.57387,31.038099863444,31038.099863444
55.68515,12.57414,31.06604678493006,31066.04678493006
55.68522,12.57427,31.07731587838422,31077.31587838422
55.68547,12.5749,31.125610236796806,31125.610236796805
55.68564,12.5752,31.1522742681479,31152.2742681479
55.6858,12.57544,31.175573529221246,31175.573529221245
55.68587,12.57553,31.185186672645305,31185.186672645304
55.68614,12.57596,31.225533665393407,31225.533665393406
55.68625,12.57609,31.24023102322899,31240.23102322899
55.68645,12.57636,31.26817760397847,31268.177603978467
55.68687,12.57718,31.33762551464487,31337.62551464487
55.68735,12.57781,31.404019625443006,31404.019625443005
55.68743,12.57786,31.413451181624335,31413.451181624336
55.68749,12.57786,31.42012288643785,31420.12288643785
55.68763,12.57772,31.437993208955767,31437.993208955766
55.68788,12.57735,31.47419594786844,31474.19594786844
55.6881,12.57713,31.502277808787845,31502.277808787843
55.68822,12.57697,31.51896985446845,31518.969854468447
55.68856,12.57619,31.58077264358765,31580.77264358765
55.6886,12.57606,31.590055886336078,31590.05588633608
55.68895,12.57534,31.64964841039975,31649.64841039975
55.68903,12.57522,31.661297634797748,31661.29763479775
55.68924,12.57494,31.690508451810942,31690.508451810943
55.68944,12.57475,31.715735336276797,31715.735336276797
55.68953,12.57468,31.726662418139284,31726.662418139284
55.68971,12.57464,31.746833943855872,31746.833943855872
55.68982,12.57469,31.759460496445193,31759.460496445194
55.69036,12.57509,31.824529632791638,31824.529632791637
55.69087,12.57562,31.89025203005868,31890.25203005868
55.69099,12.57576,31.906222019263964,31906.222019263965
55.69112,12.57587,31.92223729746402,31922.23729746402
55.69121,12.57592,31.93272403878413,31932.72403878413
55.69155,12.57622,31.974947894665583,31974.947894665584
55.69161,12.57629,31.982932849192494,31982.932849192493
55.6917,12.57643,31.99624233155717,31996.24233155717
55.69198,12.57671,32.0319820332727,32031.982033272696
55.6923,12.57693,32.07014255249381,32070.142552493813
55.69252,12.57714,32.09792127938902,32097.92127938902
55.69268,12.57725,32.11700150969005,32117.00150969005
55.6929,12.57745,32.1444887785701,32144.4887785701
55.69304,12.57761,32.16300618237864,32163.00618237864
55.69319,12.57772,32.18105402058676,32181.05402058676
55.69345,12.57799,32.21455275514573,32214.55275514573
55.69375,12.57822,32.2508923741993,32250.892374199302
55.69394,12.57832,32.27292938099528,32272.92938099528
55.69432,12.57859,32.318445698009924,32318.445698009924
55.69456,12.57885,32.34971372147026,32349.71372147026
55.69468,12.5789,32.363420120955155,32363.420120955154
55.6953,12.57937,32.43838963381951,32438.38963381951
55.6954,12.57943,32.45012769208217,32450.12769208217
55.69568,12.57973,32.48649835481841,32486.49835481841
55.69587,12.57983,32.50853527362493,32508.53527362493
55.69603,12.57978,32.52660030593865,32526.60030593865
55.69618,12.57968,32.54441799444229,32544.41799444229
55.69659,12.57936,32.594223501500814,32594.223501500815
55.69702,12.57916,32.64365275287396,32643.65275287396
55.69715,12.57905,32.659667573349836,32659.667573349834
55.6973,12.57897,32.67708396150579,32677.083961505785
55.69768,12.57867,32.72333152005658,32723.33152005658
55.69786,12.57858,32.74412605328027,32744.12605328027
55.69796,12.57856,32.75531596852917,32755.31596852917
55.69825,12.5783,32.79144483060915,32791.44483060915
55.69837,12.57809,32.81018563175495,32810.18563175495
55.69845,12.57806,32.81927771064105,32819.27771064105
55.69853,12.57809,32.8283697887316,32828.3697887316
55.69858,12.57807,32.83406904810678,32834.06904810678
55.69871,12.57795,32.85036328401822,32850.363284018225
55.69886,12.57779,32.869824037737395,32869.824037737395
55.6989,12.57764,32.88022273725131,32880.22273725131
55.69896,12.5773,32.90254835350623,32902.54835350623
55.69906,12.57711,32.918839307423475,32918.83930742348
55.69909,12.577,32.92649699002923,32926.49699002923
55.6991,12.57688,32.93409829329726,32934.09829329726
55.69903,12.57658,32.954444839494215,32954.444839494216
55.69888,12.57627,32.98004853049429,32980.048530494285
55.69872,12.57595,33.00685561087643,33006.85561087643
55.69855,12.57567,33.03264677438879,33032.646774388784
55.69845,12.57544,33.05085029492951,33050.85029492951
55.69832,12.57524,33.06998215544852,33069.982155448524
55.69809,12.5748,33.10758937289874,33107.589372898736
55.69763,12.57401,33.17877263011136,33178.77263011136
55.69745,12.57368,33.20755193026937,33207.551930269365
55.6973,12.57339,33.232218828599045,33232.21882859904
55.69725,12.57323,33.24368363496109,33243.68363496109
55.69719,12.5731,33.25421349475177,33254.21349475177
55.69686,12.57252,33.305861663034065,33305.86166303406
55.69676,12.57229,33.324065676964075,33324.06567696408
55.69656,12.5719,33.35710940054009,33357.10940054009
55.69638,12.57145,33.39169050588948,33391.69050588948
55.69609,12.57095,33.436653168146094,33436.65316814609
55.69605,12.57079,33.447622218784765,33447.62221878477
55.69608,12.57067,33.455849007643295,33455.84900764329
55.69615,12.5705,33.469043022002076,33469.04302200208
55.6963,12.57028,33.49068266766376,33490.682667663765
55.69662,12.5697,33.54154722535068,33541.54722535068
55.69714,12.56859,33.63200086068933,33632.00086068933
55.69721,12.56849,33.64199362739377,33641.993627393764
55.69732,12.56826,33.660897235864276,33660.89723586428
55.69744,12.56809,33.67797165986577,33677.97165986577
55.69754,12.56792,33.69337075705976,33693.37075705976
55.69759,12.5678,33.702722690990534,33702.72269099054
55.69769,12.56763,33.71812175990357,33718.121759903566
55.69844,12.56665,33.82168947885482,33821.68947885482
55.69883,12.56602,33.88033357926209,33880.33357926209
55.69909,12.56564,33.917788059830656,33917.78805983066
55.69955,12.56476,33.99300134142626,33993.00134142626
55.69967,12.56462,34.008970260324716,34008.97026032471
55.69972,12.5646,34.01466951166193,34014.66951166193
55.69981,12.56465,34.02515604700285,34025.15604700285
55.69999,12.56484,34.04844445767287,34048.44445767287
55.70014,12.56492,34.065860740984064,34065.86074098406
55.70024,12.56495,34.07713802885573,34077.13802885573
55.70053,12.56497,34.10940894506765,34109.40894506765
55.70078,12.5649,34.13755162680796,34137.55162680796
55.70089,12.56481,34.151020531836856,34151.02053183685
55.7011,12.56459,34.178136906006344,34178.136906006344
55.70143,12.5643,34.219084062496925,34219.08406249693
55.702,12.5637,34.29277646973719,34292.77646973719
55.70221,12.56353,34.31844219768285,34318.442197682845
55.70253,12.56338,34.35524495896495,34355.244958964955
55.70272,12.56335,34.37645548014067,34376.45548014067
55.70283,12.56334,34.388702976758836,34388.70297675884
55.70306,12.56338,34.41440035515024,34414.40035515024
55.7032,12.56346,34.43075475456463,34430.75475456463
55.70348,12.56373,34.46618854331371,34466.188543313714
55.70375,12.56407,34.5030012244981,34503.0012244981
55.70393,12.56439,34.53133130423931,34531.331304239306
55.70405,12.56464,34.5519079675849,34551.907967584906
55.70424,12.56494,34.58018618666561,34580.1861866656
55.70471,12.5658,34.655250260675814,34655.25026067581
55.70477,12.56594,34.66627075221967,34666.270752219665
55.70477,12.56611,34.6769218772454,34676.9218772454
55.7045,12.56668,34.723577628398424,34723.57762839842
55.70426,12.56706,34.75934126089816,34759.34126089816
55.70405,12.56748,34.79452285671117,34794.52285671117
55.70356,12.56835,34.87159441059416,34871.59441059416
55.70336,12.56876,34.905572223973564,34905.57222397356
55.70296,12.56946,34.96803773927336,34968.037739273364
55.70284,12.56963,34.985111224639994,34985.11122463999
55.70242,12.57045,35.05454359899052,35054.54359899052
55.70208,12.57105,35.10786033743649,35107.86033743649
55.70191,12.5713,35.13241043195321,35132.41043195321
55.7017,12.57176,35.16950525567952,35169.50525567952
55.70144,12.57222,35.21032924453383,35210.32924453383
55.70136,12.57244,35.22673527910941,35226.73527910941
55.70117,12.57273,35.2546018405315,35254.6018405315
55.70086,12.57328,35.30334505050147,35303.34505050147
55.70065,12.57372,35.33947533377673,35339.47533377673
55.70044,12.57409,35.37238099454773,35372.38099454773
55.70015,12.5747,35.42238947717483,35422.38947717483
55.69967,12.57559,35.49958334976818,35499.58334976818
55.69951,12.57602,35.531871761453,35531.871761452996
55.69941,12.57623,35.54909977108624,35549.09977108624
55.69935,12.57632,35.55783572156347,35557.83572156347
55.69931,12.57644,35.56657217680894,35566.57217680894
55.69929,12.57652,35.57205632345331,35572.05632345331
55.69932,12.57666,35.58144189230599,35581.441892305986
55.69944,12.57695,35.60398675406197,35603.986754061974
55.69956,12.57716,35.622727273887186,35622.72727388718
55.6997,12.57734,35.641951224937806,35641.95122493781
55.69984,12.5778,35.674710742489204,35674.7107424892
55.70008,12.57815,35.7092531280004,35709.2531280004
55.70027,12.57842,35.73631948926102,35736.31948926102
55.7004,12.57868,35.75809976345903,35758.09976345903
55.70067,12.57915,35.80015553604756,35800.15553604756
55.70084,12.57942,35.825523944084644,35825.52394408464
55.70123,12.58019,35.890396749707314,35890.39674970732
55.70135,12.58037,35.907868294836845,35907.868294836844
55.70154,12.58077,35.94064842726631,35940.64842726631
55.70159,12.58091,35.951034136493604,35951.0341364936
55.70171,12.58141,35.98508665607935,35985.08665607935
55.70196,12.58194,36.028394917250544,36028.394917250545
55.70225,12.58274,36.087997714211895,36087.997714211895
55.70256,12.58351,36.14729286023823,36147.29286023823
55.70262,12.58375,36.16374414301606,36163.74414301606
55.70272,12.58397,36.1814545147171,36181.4545147171
55.70286,12.58443,36.21421207259003,36214.21207259003
55.70329,12.58547,36.29503495613081,36295.03495613081
55.70327,12.5858,36.31583071189875,36315.83071189875
55.7035,12.58734,36.415652602078936,36415.65260207894
55.7035,12.58754,36.428183744642645,36428.18374464264
55.70347,12.5878,36.44481227516639,36444.81227516639
55.70342,12.58796,36.45627569739904,36456.27569739904
55.70335,12.58803,36.46520998673122,36465.20998673122
55.70318,12.58815,36.48555355838633,36485.55355838633
55.70302,12.58824,36.50421706250034,36504.217062500335
55.70291,12.58828,36.516702651727485,36516.702651727486
55.70269,12.58845,36.54338396059284,36543.383960592844
55.70263,12.58846,36.55008502288401,36550.08502288401
55.70235,12.58865,36.58341805748742,36583.41805748742
55.70211,12.58874,36.610694180185895,36610.69418018589
55.70184,12.58891,36.64255047480402,36642.55047480402
55.7017,12.58904,36.66012010858538,36660.12010858538
55.70139,12.58927,36.69748193368721,36697.48193368721
55.70105,12.58945,36.736934780818835,36736.93478081883
55.70082,12.58966,36.765696242609515,36765.69624260951
55.7006,12.58979,36.79147974104229,36791.47974104229
55.70028,12.59008,36.83143365595323,36831.433655953224
55.7001,12.59018,36.852406706277684,36852.40670627768
55.69982,12.59038,36.88596892759395,36885.96892759395
55.69974,12.59047,36.89650156013242,36896.50156013242
55.6997,12.59054,36.902748382737926,36902.748382737926
55.6995,12.59058,36.92512820109687,36925.12820109687
55.69945,12.59061,36.93099716667904,36930.997166679044
55.69934,12.59066,36.9436235277062,36943.6235277062
55.69909,12.59066,36.97142229776487,36971.42229776487
55.69895,12.59075,36.98797968132922,36987.97968132922
55.69883,12.59081,37.001842674259656,37001.84267425966
55.69872,12.5908,37.014090174158085,37014.09017415808
55.69855,12.59087,37.03349559873706,37033.49559873706
55.69816,12.59094,37.07708296146593,37077.08296146593
55.69793,12.59096,37.102688520046115,37102.68852004612
55.69756,12.59091,37.14394983589863,37143.94983589863
55.69741,12.59092,37.160640865727565,37160.64086572757
55.6973,12.59087,37.17326726733246,37173.26726733246
55.69715,12.59085,37.18999355148904,37189.99355148904
55.69694,12.5908,37.21355379853749,37213.55379853749
55.6967,12.59066,37.241645738657525,37241.64573865753
55.69637,12.59057,37.27877102762474,37278.771027624745
55.69633,12.59057,37.28321883083328,37283.21883083328
55.69626,12.59063,37.291863086978196,37291.8630869782
55.69613,12.59079,37.3094555262841,37309.455526284095
55.69599,12.59087,37.32581020364215,37325.81020364215
55.6959,12.59084,37.335992822765405,37335.9928227654
55.69564,12.59084,37.36490354362656,37364.90354362656
55.69555,12.59091,37.37583035020746,37375.830350207456
55.69547,12.59106,37.3887724152326,37388.772415232605
55.69537,12.59149,37.41792396159312,37417.923961593115
55.69486,12.59304,37.53040329443433,37530.40329443433
55.69484,12.59313,37.53646615651652,37536.466156516515
55.6944,12.59429,37.62409384447637,37624.09384447637
55.69436,12.59462,37.645247931794486,37645.24793179449
55.69433,12.59472,37.65234748736605,37652.34748736605
55.69421,12.59459,37.66798151755825,37667.981517558255
55.69413,12.59445,37.6804760374651,37680.4760374651
55.69408,12.59418,37.698287123958956,37698.28712395896
55.69409,12.59407,37.70527001434535,37705.270014345355
55.69422,12.59371,37.73206509740712,37732.065097407125
55.69429,12.59336,37.75533988614795,37755.33988614795
55.6943,12.59304,37.77542523977708,37775.425239777076
55.69423,12.59284,37.79017952897963,37790.17952897963
55.69413,12.59264,37.806935062303566,37806.935062303564
55.69401,12.59245,37.82481896942685,37824.81896942685
55.69387,12.59224,37.84520403623947,37845.20403623947
55.69363,12.59196,37.877143319184846,37877.14331918485
55.6935,12.59176,37.89627619211397,37896.276192113975
55.693,12.59092,37.97284342149713,37972.843421497135
55.69292,12.59075,37.98672314969693,37986.723149696925
55.69271,12.59043,38.01750436314288,38017.504363142885
55.69247,12.58997,38.05678968362276,38056.78968362276
55.69226,12.58966,38.08716642001519,38087.166420015186
55.69221,12.58955,38.09602303823319,38096.023038233194
55.69191,12.58911,38.13930420135831,38139.3042013583
55.69167,12.58868,38.17723163714676,38177.23163714676
55.69156,12.58855,38.19192836877799,38191.92836877799
55.69148,12.58849,38.201586170660526,38201.58617066053
55.69143,12.5885,38.207181139876774,38207.181139876775
55.691,12.58888,38.260598371226166,38260.598371226166
55.69078,12.58919,38.29183843019547,38291.83843019547
55.69054,12.58945,38.323107274706935,38323.107274706934
55.69046,12.58951,38.33276511479016,38332.76511479016
55.69035,12.58968,38.34898665799348,38348.986657993475
55.69009,12.59001,38.38453427773109,38384.534277731094
55.68979,12.59034,38.423784764907936,38423.784764907934
55.68907,12.59124,38.52172257630641,38521.72257630641
55.68891,12.59141,38.54246059334369,38542.46059334369
55.68826,12.59228,38.63300116895614,38633.00116895614
55.68807,12.59247,38.65725365903078,38657.25365903078
55.68791,12.59272,38.68096189978511,38680.961899785114
55.68779,12.59283,38.69598142255019,38695.98142255019
55.68773,12.59292,38.70471845542362,38704.718455423616
55.68769,12.59311,38.71743130888617,38717.43130888617
55.68767,12.59376,38.758234656961996,38758.234656962
55.68772,12.59424,38.78883094220401,38788.83094220401
55.68778,12.59447,38.80471648958876,38804.71648958876
55.68782,12.59488,38.83079770629156,38830.79770629156
55.68791,12.59542,38.866093776724185,38866.093776724185
55.68797,12.59608,38.907997537602824,38907.99753760282
55.68795,12.59633,38.923824714880126,38923.824714880124
55.68789,12.59641,38.932170756211804,38932.1707562118
55.68785,12.5964,38.936662508797006,38936.66250879701
55.68775,12.59631,38.949131169185605,38949.1311691856
55.6875,12.59622,38.97749656949639,38977.49656949639
55.68723,12.59608,39.008775457419844,39008.77545741984
55.68715,12.59602,39.01843342147005,39018.43342147005
55.68704,12.59586,39.03425087614328,39034.250876143284
55.68685,12.59567,39.05850354868254,39058.503548682536
55.68648,12.5955,39.101003319838945,39101.00331983894
55.68645,12.59551,39.10439755427559,39104.397554275594
55.6863,12.596,39.1393488596021,39139.3488596021
55.68621,12.59636,39.16403440133491,39164.03440133491
55.68613,12.59657,39.179921831576344,39179.92183157634
55.68609,12.59664,39.18616972667391,39186.16972667391
55.686,12.59664,39.19617728389489,39196.17728389489
55.68587,12.59651,39.212771321092525,39212.77132109253
55.68549,12.59624,39.25828899787516,39258.28899787516
55.68523,12.596,39.29087982879702,39290.87982879702
55.68505,12.59589,39.31204940317401,39312.04940317401
55.68484,12.59573,39.337463218331855,39337.46321833185
55.6844,12.59533,39.392440145181205,39392.4401451812
55.6842,12.59518,39.41658532591103,39416.58532591103
55.68399,12.59498,39.4430891587357,39443.089158735704
55.6837,12.59474,39.47867274348767,39478.672743487674
55.6835,12.5946,39.50258083166533,39502.58083166533
55.68325,12.59439,39.533339164086954,39533.33916408695
55.68282,12.59408,39.584951431914824,39584.95143191482
55.68257,12.59385,39.616266992364366,39616.26699236437
55.68245,12.59371,39.63223801986821,39632.23801986821
55.68165,12.59301,39.731429275176964,39731.42927517696
55.68152,12.59287,39.74834046164584,39748.340461645836
55.68123,12.59266,39.78317094555868,39783.17094555868
55.68111,12.59252,39.79914213830791,39799.14213830791
55.6809,12.59235,39.824810253244564,39824.81025324456
55.68063,12.59222,39.855919464069494,39855.91946406949
55.68044,12.5921,39.87834601014592,39878.34601014592
55.68023,12.59186,39.90612474842351,39906.12474842351
55.68005,12.59168,39.92910192873607,39929.10192873607
55.68001,12.59159,39.93628660929307,39936.28660929307
55.67989,12.59146,39.95192219476353,39951.92219476353
55.67976,12.59145,39.96639114409429,39966.39114409429
55.67949,12.59128,39.99824947582519,39998.24947582519
55.67943,12.59129,40.004950572901954,40004.95057290195
55.67939,12.59137,40.011654203229014,40011.654203229016
55.67937,12.59143,40.01602408249184,40016.02408249184
55.67935,12.59167,40.03123419993633,40031.23419993633
55.67916,12.5925,40.08739602220311,40087.39602220311
55.67912,12.59264,40.0972359087425,40097.2359087425
55.67899,12.5929,40.11902281799167,40119.02281799167
55.67892,12.59299,40.128636543912044,40128.63654391204
55.67884,12.593,40.13755421637257,40137.55421637257
55.67849,12.5926,40.1838526934497,40183.8526934497
55.67816,12.59234,40.22400489329494,40224.004893294936
55.67807,12.59219,40.237737885942195,40237.737885942195
55.678,12.59196,40.25412469610357,40254.124696103565
55.67772,12.59139,40.301522070229666,40301.522070229665
55.67748,12.59106,40.335289895147085,40335.289895147085
55.67712,12.59034,40.395624389930326,40395.62438993032
55.67705,12.59013,40.41091963231376,40410.91963231376
55.67681,12.58956,40.45552224892243,40455.522248922425
55.67667,12.58915,40.485574898213436,40485.57489821344
55.67658,12.58881,40.50912465084859,40509.12465084859
55.67636,12.58824,40.55243367374535,40552.43367374535
55.67604,12.5872,40.626717730944385,40626.71773094439
55.67601,12.58716,40.63089120987005,40630.89120987005
55.67594,12.58712,40.63906894341218,40639.068943412174
55.67544,12.58722,40.69501891869761,40695.01891869761
55.6753,12.58719,40.710699461767575,40710.699461767574
55.67523,12.58713,40.719344597888124,40719.34459788812
55.67512,12.587,40.73404322898896,40734.04322898896
55.675,12.58672,40.7560948167848,40756.094816784804
55.67495,12.58657,40.76702042659681,40767.020426596806
55.6747,12.58614,40.80574646534615,40805.74646534615
55.67444,12.58556,40.8522050901962,40852.2050901962
55.67424,12.58495,40.89644897654649,40896.44897654649
55.67418,12.5847,40.913485354037945,40913.48535403795
55.67409,12.58406,40.95484415782807,40954.84415782807
55.67397,12.58341,40.9977297392411,40997.7297392411
55.6737,12.58259,41.05726994087197,41057.26994087197
55.67367,12.58238,41.070853651419924,41070.85365141992
55.67357,12.58213,41.09007284451365,41090.07284451365
55.67349,12.58203,41.100956291686494,41100.956291686496
55.67346,12.58194,41.10751184383415,41107.51184383415
55.6734,12.58184,41.116667686500605,41116.66768650061
55.67321,12.58133,41.15499542650274,41154.99542650273
55.67274,12.58048,41.22964167111582,41229.64167111582
55.67248,12.58006,41.26874953501922,41268.74953501922
55.67236,12.5798,41.28981725197942,41289.817251979424
55.67213,12.57938,41.3265280416215,41326.5280416215
55.67202,12.57921,41.34275286600343,41342.75286600343
55.67177,12.57896,41.37466723911372,41374.66723911372
55.67174,12.57886,41.38176999124002,41381.76999124002
55.67173,12.57868,41.393111824277156,41393.111824277155
55.67178,12.57852,41.40458235506125,41404.58235506125
55.67205,12.57789,41.45420095584992,41454.20095584992
55.67225,12.57733,41.49576609787162,41495.76609787162
55.67244,12.57701,41.524903523797526,41524.903523797526
55.6726,12.57678,41.547806103210924,41547.806103210925
55.6726,12.57671,41.55219547039191,41552.19547039191
55.67258,12.57665,41.5565659117524,41556.5659117524
55.67238,12.5764,41.58377477207548,41583.77477207548
55.67227,12.57617,41.602685392053125,41602.68539205313
55.67215,12.57603,41.61865768975592,41618.65768975592
55.67201,12.57592,41.635684698070285,41635.68469807028
55.67197,12.57591,41.64017648618078,41640.176486180775
55.6718,12.57618,41.665553228826674,41665.55322882668
55.67172,12.57635,41.67943739191068,41679.43739191068
55.67168,12.57648,41.688723722104434,41688.723722104434
55.67159,12.57665,41.703345284902106,41703.345284902105
55.67145,12.57703,41.731808344964485,41731.808344964484
55.6714,12.57715,41.74116432240948,41741.16432240948
55.67125,12.57736,41.762415392543645,41762.41539254365
55.67121,12.57744,41.76911980763315,41769.11980763316
55.671,12.57771,41.7979629793329,41797.9629793329
55.67096,12.57786,41.808367742924545,41808.36774292454
55.67076,12.57819,41.83874538333867,41838.74538333867
55.67053,12.57865,41.8772960928105,41877.296092810495
55.67043,12.57881,41.892273149634136,41892.27314963414
55.67031,12.57909,41.91432641310057,41914.32641310057
55.66989,12.57998,41.98709979076495,41987.09979076495
55.66964,12.58057,42.03337809029279,42033.37809029279
55.66935,12.58107,42.07835568988621,42078.35568988621
55.66925,12.58127,42.095117190504254,42095.11719050426
55.66908,12.5817,42.1280485495193,42128.0485495193
55.66893,12.582,42.153190906575425,42153.19090657542
55.66889,12.58217,42.16474242941488,42164.74242941488
55.6689,12.5822,42.16692780303272,42166.92780303272
55.66901,12.5821,42.18067318005725,42180.673180057245
55.66909,12.58183,42.19979967546429,42199.79967546429
55.66922,12.58156,42.22206280461532,42222.06280461532
55.66933,12.58122,42.24664367135832,42246.64367135832
55.66942,12.58105,42.261265683081774,42261.26568308177
55.66955,12.58073,42.285997302815744,42285.99730281575
55.66966,12.58055,42.30264131671104,42302.64131671104
55.66976,12.58031,42.32135380215532,42321.353802155325
55.66961,12.57999,42.34744765650763,42347.44765650763
55.66956,12.57992,42.35453146751525,42354.53146751525
55.66942,12.5798,42.37182222310904,42371.82222310904
55.66927,12.57974,42.388920619216904,42388.92061921691
55.66918,12.57968,42.39961214183,42399.612141829995
55.66903,12.57963,42.416583570991854,42416.583570991854
55.66895,12.57957,42.42624221674815,42426.24221674815
55.66882,12.57945,42.442539095171824,42442.53909517182
55.6687,12.57927,42.46001670076084,42460.01670076084
55.66857,12.57917,42.47577375927195,42475.77375927195
55.66852,12.5791,42.48285764257952,42482.85764257952
55.66845,12.57903,42.491793854970666,42491.79385497067
55.66834,12.57883,42.50931299609401,42509.31299609401
55.66821,12.57872,42.52533000369649,42525.33000369649
55.66814,12.57861,42.53573061066625,42535.73061066625
55.66801,12.57846,42.55297725484156,42552.97725484156
55.6678,12.57819,42.58182123937836,42581.821239378354
55.66769,12.57799,42.59934052965817,42599.34052965817
55.66756,12.57784,42.61658723283655,42616.58723283655
55.66733,12.57752,42.649095869465825,42649.095869465826
55.66726,12.57744,42.658356354613545,42658.35635461355
55.66697,12.577,42.700797844069385,42700.797844069384
55.66684,12.57685,42.71804464165301,42718.04464165301
55.66671,12.57665,42.737183141888565,42737.18314188856
55.66653,12.57644,42.76114262253229,42761.14262253229
55.66638,12.57618,42.78446816542553,42784.46816542553
